u;Unresolved;1;15646718
u;Unresolved;1;15691695
u;Unresolved;1;15664457
u;Unresolved;1;15692603
u;Unresolved;1;15737091
u;Unresolved;1;15694837
u;Unresolved;1;15740583
u;Unresolved;1;15716557
u;Unresolved;1;15715790
u;Unresolved;1;15641966
u;Unresolved;1;15644550
u;Unresolved;1;15640848
u;Unresolved;1;15711807
u;Unresolved;1;15684219
u;Unresolved;1;15669832
u;Unresolved;1;15644971
u;Unresolved;1;15676119
u;Unresolved;1;15688830
u;Unresolved;1;15664735
u;Unresolved;1;15660474
u;Unresolved;1;15777667
u;Unresolved;1;15747426
u;Unresolved;1;15735344
u;Unresolved;1;15761254
u;Unresolved;1;15879774
u;Unresolved;1;15776829
u;Unresolved;1;15685200
u;Unresolved;1;15733041
u;Unresolved;1;15791777
u;Unresolved;1;15703917
u;Unresolved;1;15694208
u;Unresolved;1;15661942
u;Unresolved;1;15695675
u;Unresolved;1;15663409
u;Unresolved;1;15746101
u;Unresolved;1;15700145
u;Unresolved;1;15755180
u;Unresolved;1;15779134
u;Unresolved;1;15823903
u;Unresolved;1;15745053
u;Unresolved;1;15730386
u;Unresolved;1;15905058
u;Unresolved;1;15724520
u;Unresolved;1;15741911
u;Unresolved;1;15685339
u;Unresolved;1;15797364
u;Unresolved;1;15868741
u;Unresolved;1;15870277
u;Unresolved;1;15645879
u;Unresolved;1;15672627
u;Unresolved;1;15705522
u;Unresolved;1;15788214
u;Unresolved;1;15691274
u;Unresolved;1;15725426
u;Unresolved;1;15693579
u;Unresolved;1;15774944
u;Unresolved;1;15753851
u;Unresolved;1;15690506
u;Unresolved;1;15667599
u;Unresolved;1;15825717
u;Unresolved;1;15797921
u;Unresolved;1;15738207
u;Unresolved;1;15801692
u;Unresolved;1;15759858
u;Unresolved;1;15840175
u;Unresolved;1;15877749
u;Unresolved;1;15972383
u;Unresolved;1;15651885
u;Unresolved;1;15692673
u;Unresolved;1;15747009
u;Unresolved;1;15653561
u;Unresolved;1;15660126
u;Unresolved;1;15723611
u;Unresolved;1;15671231
u;Unresolved;1;15652793
u;Unresolved;1;15681917
u;Unresolved;1;15749383
u;Unresolved;1;15769008
u;Unresolved;1;15801345
u;Unresolved;1;15688342
u;Unresolved;1;15771033
u;Unresolved;1;15815172
u;Unresolved;1;15807350
u;Unresolved;1;15793383
u;Unresolved;1;15750780
u;Unresolved;1;15821179
u;Unresolved;1;15862455
u;Unresolved;1;16006048
u;Unresolved;1;15662851
u;Unresolved;1;15658521
u;Unresolved;1;15675911
u;Unresolved;1;15680311
u;Unresolved;1;15698121
u;Unresolved;1;15716139
u;Unresolved;1;15716419
u;Unresolved;1;15650838
u;Unresolved;1;15774108
u;Unresolved;1;15754901
u;Unresolved;1;15839478
u;Unresolved;1;15870627
u;Unresolved;1;15647555
u;Unresolved;1;15665644
u;Unresolved;1;15642597
u;Unresolved;1;15774806
u;Unresolved;1;15640572
u;Unresolved;1;15764539
u;Unresolved;1;15728571
u;Unresolved;1;15728431
u;Unresolved;1;15743657
u;Unresolved;1;15780393
u;Unresolved;1;15677097
u;Unresolved;1;15715300
u;Unresolved;1;15731084
u;Unresolved;1;15713275
u;Unresolved;1;15708596
u;Unresolved;1;15807491
u;Unresolved;1;15782907
u;Unresolved;1;15817757
u;Unresolved;1;15921472
u;Unresolved;1;15862596
u;Unresolved;1;15811541
u;Unresolved;1;15960023
u;Unresolved;1;15710622
u;Unresolved;1;15689740
u;Unresolved;1;15681429
u;Unresolved;1;15647696
u;Unresolved;1;15663898
u;Unresolved;1;15690927
u;Unresolved;1;15697492
u;Unresolved;1;15665505
u;Unresolved;1;15773199
u;Unresolved;1;15752387
u;Unresolved;1;15817758
u;Unresolved;1;15737161
u;Unresolved;1;15888436
u;Unresolved;1;15745053
u;Unresolved;1;15752665
u;Unresolved;1;15704056
u;Unresolved;1;15718932
u;Unresolved;1;15711040
u;Unresolved;1;15663130
u;Unresolved;1;15730945
u;Unresolved;1;15775154
u;Unresolved;1;15746031
u;Unresolved;1;15765307
u;Unresolved;1;15815662
u;Unresolved;1;15786888
u;Unresolved;1;15773617
u;Unresolved;1;15763072
u;Unresolved;1;15948219
u;Unresolved;1;15893954
u;Unresolved;1;15653140
u;Unresolved;1;15655375
u;Unresolved;1;15659915
u;Unresolved;1;15721794
u;Unresolved;1;15683172
u;Unresolved;1;15682054
u;Unresolved;1;15756016
u;Unresolved;1;15811679
u;Unresolved;1;15706010
u;Unresolved;1;15692880
u;Unresolved;1;15795127
u;Unresolved;1;15814542
u;Unresolved;1;15648041
u;Unresolved;1;15679051
u;Unresolved;1;15642734
u;Unresolved;1;15642804
u;Unresolved;1;15684918
u;Unresolved;1;15680867
u;Unresolved;1;15719768
u;Unresolved;1;15773197
u;Unresolved;1;15792891
u;Unresolved;1;15686664
u;Unresolved;1;15771870
u;Unresolved;1;15716000
u;Unresolved;1;15804767
u;Unresolved;1;15835637
u;Unresolved;1;15729619
u;Unresolved;1;15762513
u;Unresolved;1;15930551
u;Unresolved;1;15785142
u;Unresolved;1;15891370
u;Unresolved;1;15863433
u;Unresolved;1;15863364
u;Unresolved;1;15863504
u;Unresolved;1;15913859
u;Unresolved;1;15984328
u;Unresolved;1;15891160
u;Unresolved;1;15859732
u;Unresolved;1;16055635
u;Unresolved;1;15665362
u;Unresolved;1;15693718
u;Unresolved;1;15700073
u;Unresolved;1;15653350
u;Unresolved;1;15712156
u;Unresolved;1;15697630
u;Unresolved;1;15757134
u;Unresolved;1;15794149
u;Unresolved;1;15664665
u;Unresolved;1;15706221
u;Unresolved;1;15830746
u;Unresolved;1;15726335
u;Unresolved;1;15760207
u;Unresolved;1;15809794
u;Unresolved;1;15802391
u;Unresolved;1;15697979
u;Unresolved;1;15812169
u;Unresolved;1;15757833
u;Unresolved;1;15810423
u;Unresolved;1;15808747
u;Unresolved;1;15785001
u;Unresolved;1;15845623
u;Unresolved;1;15885362
u;Unresolved;1;15942701
u;Unresolved;1;15872301
u;Unresolved;1;16020924
u;Unresolved;1;15868881
u;Unresolved;1;15655584
u;Unresolved;1;15699794
u;Unresolved;1;15697559
u;Unresolved;1;15682404
u;Unresolved;1;15648740
u;Unresolved;1;15703216
u;Unresolved;1;15727172
u;Unresolved;1;15784231
u;Unresolved;1;15694347
u;Unresolved;1;15766841
u;Unresolved;1;15824321
u;Unresolved;1;15810561
u;Unresolved;1;15803159
u;Unresolved;1;15750080
u;Unresolved;1;15894092
u;Unresolved;1;15664874
u;Unresolved;1;15691623
u;Unresolved;1;15706919
u;Unresolved;1;15678912
u;Unresolved;1;15705871
u;Unresolved;1;15682404
u;Unresolved;1;15685687
u;Unresolved;1;15797991
u;Unresolved;1;15684918
u;Unresolved;1;15801483
u;Unresolved;1;15774943
u;Unresolved;1;15782417
u;Unresolved;1;15902473
u;Unresolved;1;15786258
u;Unresolved;1;15735972
u;Unresolved;1;15771731
u;Unresolved;1;15850651
u;Unresolved;1;15804976
u;Unresolved;1;15862455
u;Unresolved;1;15757623
u;Unresolved;1;15906873
u;Unresolved;1;15833051
u;Unresolved;1;15864479
u;Unresolved;1;15886829
u;Unresolved;1;15917628
u;Unresolved;1;15893604
u;Unresolved;1;15866924
u;Unresolved;1;15985305
u;Unresolved;1;16099494
u;Unresolved;1;15651883
u;Unresolved;1;15705381
u;Unresolved;1;15736391
u;Unresolved;1;15750777
u;Unresolved;1;15741349
u;Unresolved;1;15748543
u;Unresolved;1;15775572
u;Unresolved;1;15788561
u;Unresolved;1;15945006
u;Unresolved;1;15847719
u;Unresolved;1;16057660
u;Unresolved;1;16067158
u;Unresolved;1;16096771
u;Unresolved;1;16108573
u;Unresolved;1;16035311
u;Unresolved;1;16162770
u;Unresolved;1;16153063
u;Unresolved;1;15809517
u;Unresolved;1;15762653
u;Unresolved;1;15713555
u;Unresolved;1;15910157
u;Unresolved;1;15883966
u;Unresolved;1;15825789
u;Unresolved;1;15890043
u;Unresolved;1;15871814
u;Unresolved;1;15945986
u;Unresolved;1;15837104
u;Unresolved;1;15893535
u;Unresolved;1;15945007
u;Unresolved;1;16006956
u;Unresolved;1;15981814
u;Unresolved;1;16088391
u;Unresolved;1;15672138
u;Unresolved;1;15732271
u;Unresolved;1;15703706
u;Unresolved;1;15711878
u;Unresolved;1;15683592
u;Unresolved;1;15758321
u;Unresolved;1;15757274
u;Unresolved;1;15797922
u;Unresolved;1;15763839
u;Unresolved;1;15804975
u;Unresolved;1;15765934
u;Unresolved;1;15845133
u;Unresolved;1;15921889
u;Unresolved;1;15822086
u;Unresolved;1;15943259
u;Unresolved;1;15790099
u;Unresolved;1;15705591
u;Unresolved;1;15784372
u;Unresolved;1;15722563
u;Unresolved;1;15798689
u;Unresolved;1;15846670
u;Unresolved;1;15792892
u;Unresolved;1;15790099
u;Unresolved;1;15831933
u;Unresolved;1;15904149
u;Unresolved;1;15899121
u;Unresolved;1;15929641
u;Unresolved;1;15879704
u;Unresolved;1;15893114
u;Unresolved;1;15936904
u;Unresolved;1;16070928
u;Unresolved;1;15904221
u;Unresolved;1;15803929
u;Unresolved;1;15873281
u;Unresolved;1;15852189
u;Unresolved;1;15839409
u;Unresolved;1;16016594
u;Unresolved;1;15994385
u;Unresolved;1;15978322
u;Unresolved;1;15968264
u;Unresolved;1;15931947
u;Unresolved;1;15936068
u;Unresolved;1;15871186
u;Unresolved;1;15989286
u;Unresolved;1;16142238
u;Unresolved;1;16099356
u;Unresolved;1;16058429
u;Unresolved;1;15658518
u;Unresolved;1;15700703
u;Unresolved;1;15754899
u;Unresolved;1;15758531
u;Unresolved;1;15689459
u;Unresolved;1;15794918
u;Unresolved;1;15715440
u;Unresolved;1;15759160
u;Unresolved;1;15725426
u;Unresolved;1;15732061
u;Unresolved;1;15741839
u;Unresolved;1;15818315
u;Unresolved;1;15840175
u;Unresolved;1;15939209
u;Unresolved;1;15739743
u;Unresolved;1;15722214
u;Unresolved;1;15816569
u;Unresolved;1;15820131
u;Unresolved;1;15861476
u;Unresolved;1;15827463
u;Unresolved;1;15763978
u;Unresolved;1;15798759
u;Unresolved;1;15883686
u;Unresolved;1;15832283
u;Unresolved;1;15846879
u;Unresolved;1;16021411
u;Unresolved;1;15954643
u;Unresolved;1;15942142
u;Unresolved;1;16061430
u;Unresolved;1;15902195
u;Unresolved;1;16030074
u;Unresolved;1;15997877
u;Unresolved;1;15991172
u;Unresolved;1;16023299
u;Unresolved;1;16102149
u;Unresolved;1;16153343
u;Unresolved;1;16076448
u;Unresolved;1;16040969
u;Unresolved;1;16046277
u;Unresolved;1;16152784
u;Unresolved;1;15666899
u;Unresolved;1;15813006
u;Unresolved;1;15829000
u;Unresolved;1;15765096
u;Unresolved;1;15837381
u;Unresolved;1;15941793
u;Unresolved;1;15901076
u;Unresolved;1;15892067
u;Unresolved;1;15885921
u;Unresolved;1;15855470
u;Unresolved;1;15922796
u;Unresolved;1;15919653
u;Unresolved;1;15992428
u;Unresolved;1;16084757
u;Unresolved;1;16039291
u;Unresolved;1;16051583
u;Unresolved;1;15861756
u;Unresolved;1;15848835
u;Unresolved;1;15846461
u;Unresolved;1;15755877
u;Unresolved;1;15937882
u;Unresolved;1;15955551
u;Unresolved;1;15964212
u;Unresolved;1;15940955
u;Unresolved;1;15995152
u;Unresolved;1;15975247
u;Unresolved;1;15912669
u;Unresolved;1;15973919
u;Unresolved;1;15986491
u;Unresolved;1;16104103
u;Unresolved;1;16028675
u;Unresolved;1;15896818
u;Unresolved;1;15997248
u;Unresolved;1;15944309
u;Unresolved;1;15887040
u;Unresolved;1;16057522
u;Unresolved;1;16015197
u;Unresolved;1;16077077
u;Unresolved;1;16102918
u;Unresolved;1;16026442
u;Unresolved;1;15968405
u;Unresolved;1;16004512
u;Unresolved;1;16090905
u;Unresolved;1;16110461
u;Unresolved;1;16117095
u;Unresolved;1;16171641
u;Unresolved;1;15643364
u;Unresolved;1;15730525
u;Unresolved;1;15759509
u;Unresolved;1;15723890
u;Unresolved;1;15756436
u;Unresolved;1;15814963
u;Unresolved;1;15802391
u;Unresolved;1;15804835
u;Unresolved;1;15828162
u;Unresolved;1;15851140
u;Unresolved;1;15796105
u;Unresolved;1;15772569
u;Unresolved;1;15916092
u;Unresolved;1;15882777
u;Unresolved;1;15940466
u;Unresolved;1;15993196
u;Unresolved;1;15664944
u;Unresolved;1;15776968
u;Unresolved;1;15867552
u;Unresolved;1;15754829
u;Unresolved;1;15854911
u;Unresolved;1;15891927
u;Unresolved;1;15855889
u;Unresolved;1;15866854
u;Unresolved;1;15851140
u;Unresolved;1;15915882
u;Unresolved;1;15854143
u;Unresolved;1;15828861
u;Unresolved;1;15914345
u;Unresolved;1;15948917
u;Unresolved;1;16036986
u;Unresolved;1;15998224
u;Unresolved;1;15841921
u;Unresolved;1;16007445
u;Unresolved;1;15925660
u;Unresolved;1;15911553
u;Unresolved;1;16023717
u;Unresolved;1;15981603
u;Unresolved;1;15881382
u;Unresolved;1;16088110
u;Unresolved;1;15987819
u;Unresolved;1;16013171
u;Unresolved;1;16026441
u;Unresolved;1;16074422
u;Unresolved;1;16145380
u;Unresolved;1;15779414
u;Unresolved;1;15649859
u;Unresolved;1;15774385
u;Unresolved;1;15842271
u;Unresolved;1;15821667
u;Unresolved;1;15799876
u;Unresolved;1;15817896
u;Unresolved;1;15866295
u;Unresolved;1;15885711
u;Unresolved;1;15887876
u;Unresolved;1;15887388
u;Unresolved;1;15836753
u;Unresolved;1;15970777
u;Unresolved;1;16032586
u;Unresolved;1;16029024
u;Unresolved;1;15740791
u;Unresolved;1;15974408
u;Unresolved;1;15978809
u;Unresolved;1;15828511
u;Unresolved;1;15927755
u;Unresolved;1;15897375
u;Unresolved;1;16021761
u;Unresolved;1;15966517
u;Unresolved;1;15998993
u;Unresolved;1;15992288
u;Unresolved;1;15988726
u;Unresolved;1;15912600
u;Unresolved;1;15989285
u;Unresolved;1;16145868
u;Unresolved;1;16055633
u;Unresolved;1;16100331
u;Unresolved;1;15733041
u;Unresolved;1;15925871
u;Unresolved;1;15959674
u;Unresolved;1;16034403
u;Unresolved;1;15959673
u;Unresolved;1;15983349
u;Unresolved;1;16046346
u;Unresolved;1;16007445
u;Unresolved;1;15917489
u;Unresolved;1;16028816
u;Unresolved;1;15997248
u;Unresolved;1;16100752
u;Unresolved;1;16094536
u;Unresolved;1;16172409
u;Unresolved;1;15675140
u;Unresolved;1;15707965
u;Unresolved;1;15722212
u;Unresolved;1;15817127
u;Unresolved;1;15779901
u;Unresolved;1;15847507
u;Unresolved;1;15790028
u;Unresolved;1;15875443
u;Unresolved;1;15969659
u;Unresolved;1;15885291
u;Unresolved;1;15989144
u;Unresolved;1;15949056
u;Unresolved;1;15944725
u;Unresolved;1;16114299
u;Unresolved;1;16061778
u;Unresolved;1;15774944
u;Unresolved;1;15832911
u;Unresolved;1;15886409
u;Unresolved;1;15802321
u;Unresolved;1;15829419
u;Unresolved;1;15875374
u;Unresolved;1;15812029
u;Unresolved;1;15831863
u;Unresolved;1;15920142
u;Unresolved;1;15944167
u;Unresolved;1;15984047
u;Unresolved;1;15901355
u;Unresolved;1;15942072
u;Unresolved;1;16021272
u;Unresolved;1;16085176
u;Unresolved;1;15795898
u;Unresolved;1;15947872
u;Unresolved;1;15946264
u;Unresolved;1;15964354
u;Unresolved;1;16038036
u;Unresolved;1;16023439
u;Unresolved;1;16036918
u;Unresolved;1;15932785
u;Unresolved;1;16015198
u;Unresolved;1;16040271
u;Unresolved;1;16070791
u;Unresolved;1;16033356
u;Unresolved;1;16107527
u;Unresolved;1;15755878
u;Unresolved;1;15887248
u;Unresolved;1;15778995
u;Unresolved;1;15871883
u;Unresolved;1;15907571
u;Unresolved;1;15936206
u;Unresolved;1;16009888
u;Unresolved;1;15935298
u;Unresolved;1;15986281
u;Unresolved;1;16008561
u;Unresolved;1;15953806
u;Unresolved;1;16012891
u;Unresolved;1;16103614
u;Unresolved;1;15972732
u;Unresolved;1;16031608
u;Unresolved;1;16121982
u;Unresolved;1;15822994
u;Unresolved;1;15751268
u;Unresolved;1;15847299
u;Unresolved;1;15842759
u;Unresolved;1;15940396
u;Unresolved;1;15923286
u;Unresolved;1;15941793
u;Unresolved;1;16023646
u;Unresolved;1;15904359
u;Unresolved;1;16012961
u;Unresolved;1;16025044
u;Unresolved;1;15965050
u;Unresolved;1;16149709
u;Unresolved;1;16067507
u;Unresolved;1;16139302
u;Unresolved;1;15850722
u;Unresolved;1;15939001
u;Unresolved;1;15979020
u;Unresolved;1;16042994
u;Unresolved;1;16044182
u;Unresolved;1;16010658
u;Unresolved;1;16116257
u;Unresolved;1;16169127
u;Unresolved;1;16131342
u;Unresolved;1;15736112
u;Unresolved;1;15777667
u;Unresolved;1;15796735
u;Unresolved;1;15807489
u;Unresolved;1;15753362
u;Unresolved;1;15904988
u;Unresolved;1;15868530
u;Unresolved;1;15886968
u;Unresolved;1;15865598
u;Unresolved;1;15950105
u;Unresolved;1;15937672
u;Unresolved;1;15912460
u;Unresolved;1;15908689
u;Unresolved;1;16077214
u;Unresolved;1;16077074
u;Unresolved;1;15710062
u;Unresolved;1;15823553
u;Unresolved;1;15824181
u;Unresolved;1;15839616
u;Unresolved;1;15771242
u;Unresolved;1;15957996
u;Unresolved;1;15890809
u;Unresolved;1;15908269
u;Unresolved;1;15933343
u;Unresolved;1;16049348
u;Unresolved;1;16027348
u;Unresolved;1;16001717
u;Unresolved;1;16133297
u;Unresolved;1;16018269
u;Unresolved;1;16066110
u;Unresolved;1;16167449
u;Unresolved;1;15706151
u;Unresolved;1;15859522
u;Unresolved;1;15872303
u;Unresolved;1;15840176
u;Unresolved;1;15936905
u;Unresolved;1;15967217
u;Unresolved;1;15967775
u;Unresolved;1;16086016
u;Unresolved;1;16037336
u;Unresolved;1;16153342
u;Unresolved;1;16117514
u;Unresolved;1;16109063
u;Unresolved;1;16124638
u;Unresolved;1;16083641
u;Unresolved;1;15728289
u;Unresolved;1;15763839
u;Unresolved;1;15803508
u;Unresolved;1;15712784
u;Unresolved;1;15811539
u;Unresolved;1;15905266
u;Unresolved;1;15889552
u;Unresolved;1;15890319
u;Unresolved;1;16040896
u;Unresolved;1;16030839
u;Unresolved;1;16010167
u;Unresolved;1;16003462
u;Unresolved;1;15968612
u;Unresolved;1;16116884
u;Unresolved;1;16156973
u;Unresolved;1;15711248
u;Unresolved;1;15931177
u;Unresolved;1;15908897
u;Unresolved;1;15853165
u;Unresolved;1;15925520
u;Unresolved;1;15976852
u;Unresolved;1;15972662
u;Unresolved;1;15996408
u;Unresolved;1;15986002
u;Unresolved;1;16087759
u;Unresolved;1;16057727
u;Unresolved;1;16111505
u;Unresolved;1;16081264
u;Unresolved;1;16055772
u;Unresolved;1;15891510
u;Unresolved;1;15953738
u;Unresolved;1;16042575
u;Unresolved;1;16126593
u;Unresolved;1;16039572
u;Unresolved;1;15970569
u;Unresolved;1;16033496
u;Unresolved;1;16074912
u;Unresolved;1;16094118
u;Unresolved;1;16121775
u;Unresolved;1;16151596
u;Unresolved;1;15712717
u;Unresolved;1;15650767
u;Unresolved;1;15801135
u;Unresolved;1;15798062
u;Unresolved;1;15787306
u;Unresolved;1;15839618
u;Unresolved;1;15766494
u;Unresolved;1;15815732
u;Unresolved;1;15877470
u;Unresolved;1;15942911
u;Unresolved;1;15936347
u;Unresolved;1;15931597
u;Unresolved;1;15991311
u;Unresolved;1;16053120
u;Unresolved;1;16073863
u;Unresolved;1;15727660
u;Unresolved;1;15651464
u;Unresolved;1;15731362
u;Unresolved;1;15719977
u;Unresolved;1;15836472
u;Unresolved;1;15826974
u;Unresolved;1;15895348
u;Unresolved;1;15880821
u;Unresolved;1;15829488
u;Unresolved;1;16007513
u;Unresolved;1;16006185
u;Unresolved;1;16030700
u;Unresolved;1;16088109
u;Unresolved;1;16020014
u;Unresolved;1;16127499
u;Unresolved;1;16159835
u;Unresolved;1;15933903
u;Unresolved;1;16005001
u;Unresolved;1;15968754
u;Unresolved;1;15938373
u;Unresolved;1;16009331
u;Unresolved;1;15965332
u;Unresolved;1;16068067
u;Unresolved;1;16056962
u;Unresolved;1;16143215
u;Unresolved;1;16167381
u;Unresolved;1;16157882
u;Unresolved;1;16145730
u;Unresolved;1;16125826
u;Unresolved;1;16148314
u;Unresolved;1;15686177
u;Unresolved;1;15736532
u;Unresolved;1;15759300
u;Unresolved;1;15807211
u;Unresolved;1;15834519
u;Unresolved;1;15744983
u;Unresolved;1;15906106
u;Unresolved;1;15920284
u;Unresolved;1;15948359
u;Unresolved;1;15992010
u;Unresolved;1;15904918
u;Unresolved;1;15931807
u;Unresolved;1;16006816
u;Unresolved;1;15932854
u;Unresolved;1;16086924
u;Unresolved;1;16082942
u;Unresolved;1;15675350
u;Unresolved;1;15819292
u;Unresolved;1;15859730
u;Unresolved;1;15786884
u;Unresolved;1;15842479
u;Unresolved;1;15842898
u;Unresolved;1;15977061
u;Unresolved;1;15907919
u;Unresolved;1;16004090
u;Unresolved;1;15950732
u;Unresolved;1;16004789
u;Unresolved;1;15939906
u;Unresolved;1;15981601
u;Unresolved;1;15921607
u;Unresolved;1;16170102
u;Unresolved;1;16131131
u;Unresolved;1;15738837
u;Unresolved;1;15984259
u;Unresolved;1;16049350
u;Unresolved;1;16010868
u;Unresolved;1;16085807
u;Unresolved;1;16082035
u;Unresolved;1;16079032
u;Unresolved;1;16029166
u;Unresolved;1;16126314
u;Unresolved;1;16167381
u;Unresolved;1;16082035
u;Unresolved;1;16156765
u;Unresolved;1;16100474
u;Unresolved;1;16150060
u;Unresolved;1;15692531
u;Unresolved;1;15651186
u;Unresolved;1;15791775
u;Unresolved;1;15765934
u;Unresolved;1;15809445
u;Unresolved;1;15832353
u;Unresolved;1;15736741
u;Unresolved;1;15793591
u;Unresolved;1;15903171
u;Unresolved;1;15909038
u;Unresolved;1;15890531
u;Unresolved;1;15861825
u;Unresolved;1;15874536
u;Unresolved;1;15984256
u;Unresolved;1;16049279
u;Unresolved;1;15708733
u;Unresolved;1;15735203
u;Unresolved;1;15729546
u;Unresolved;1;15702238
u;Unresolved;1;15813983
u;Unresolved;1;15865596
u;Unresolved;1;15892555
u;Unresolved;1;15817125
u;Unresolved;1;15853723
u;Unresolved;1;15875583
u;Unresolved;1;15893881
u;Unresolved;1;15857633
u;Unresolved;1;15918395
u;Unresolved;1;16037475
u;Unresolved;1;16043831
u;Unresolved;1;15732900
u;Unresolved;1;15925521
u;Unresolved;1;16028816
u;Unresolved;1;16016104
u;Unresolved;1;15897236
u;Unresolved;1;16042156
u;Unresolved;1;16048162
u;Unresolved;1;16033495
u;Unresolved;1;16073095
u;Unresolved;1;16075051
u;Unresolved;1;16098447
u;Unresolved;1;16083291
u;Unresolved;1;16066390
u;Unresolved;1;16063946
u;Unresolved;1;15758182
u;Unresolved;1;15750919
u;Unresolved;1;15790797
u;Unresolved;1;15822645
u;Unresolved;1;15871674
u;Unresolved;1;15823413
u;Unresolved;1;15908688
u;Unresolved;1;15952898
u;Unresolved;1;15896188
u;Unresolved;1;15996479
u;Unresolved;1;15964910
u;Unresolved;1;15930479
u;Unresolved;1;15993336
u;Unresolved;1;16028396
u;Unresolved;1;16117442
u;Unresolved;1;16110949
u;Unresolved;1;15694486
u;Unresolved;1;15866852
u;Unresolved;1;15887386
u;Unresolved;1;15841641
u;Unresolved;1;15929640
u;Unresolved;1;15920212
u;Unresolved;1;15965817
u;Unresolved;1;15964351
u;Unresolved;1;16049557
u;Unresolved;1;15991379
u;Unresolved;1;16096699
u;Unresolved;1;16046064
u;Unresolved;1;15930338
u;Unresolved;1;16111785
u;Unresolved;1;16156203
u;Unresolved;1;15868810
u;Unresolved;1;15913718
u;Unresolved;1;15962676
u;Unresolved;1;16054796
u;Unresolved;1;16039084
u;Unresolved;1;16140003
u;Unresolved;1;16132041
u;Unresolved;1;16176041
u;Unresolved;1;16139095
u;Unresolved;1;16088949
u;Unresolved;1;15751897
u;Unresolved;1;15790170
u;Unresolved;1;15837661
u;Unresolved;1;15897794
u;Unresolved;1;15825999
u;Unresolved;1;15932576
u;Unresolved;1;15924753
u;Unresolved;1;15935508
u;Unresolved;1;15944378
u;Unresolved;1;15892277
u;Unresolved;1;15915185
u;Unresolved;1;15949546
u;Unresolved;1;15963934
u;Unresolved;1;16071768
u;Unresolved;1;16036499
u;Unresolved;1;15799947
u;Unresolved;1;15839686
u;Unresolved;1;15881380
u;Unresolved;1;15887806
u;Unresolved;1;15805813
u;Unresolved;1;15895210
u;Unresolved;1;15956040
u;Unresolved;1;15909247
u;Unresolved;1;15845972
u;Unresolved;1;15926987
u;Unresolved;1;15908199
u;Unresolved;1;16050744
u;Unresolved;1;15992707
u;Unresolved;1;16056541
u;Unresolved;1;16092998
u;Unresolved;1;15794430
u;Unresolved;1;15962537
u;Unresolved;1;15904430
u;Unresolved;1;16035452
u;Unresolved;1;16001788
u;Unresolved;1;15946823
u;Unresolved;1;16080708
u;Unresolved;1;16081825
u;Unresolved;1;16064086
u;Unresolved;1;16135323
u;Unresolved;1;15893465
u;Unresolved;1;15828582
u;Unresolved;1;15934600
u;Unresolved;1;15887458
u;Unresolved;1;15980765
u;Unresolved;1;16014429
u;Unresolved;1;16014988
u;Unresolved;1;16034403
u;Unresolved;1;16075819
u;Unresolved;1;16001019
u;Unresolved;1;16135183
u;Unresolved;1;16086714
u;Unresolved;1;16115698
u;Unresolved;1;16114161
u;Unresolved;1;15924472
u;Unresolved;1;15869648
u;Unresolved;1;15932155
u;Unresolved;1;15940047
u;Unresolved;1;15880473
u;Unresolved;1;15963094
u;Unresolved;1;15978110
u;Unresolved;1;16005907
u;Unresolved;1;16026440
u;Unresolved;1;16005697
u;Unresolved;1;16003602
u;Unresolved;1;16127429
u;Unresolved;1;16030002
u;Unresolved;1;16052071
u;Unresolved;1;16122331
u;Unresolved;1;15779485
u;Unresolved;1;15923706
u;Unresolved;1;15948080
u;Unresolved;1;15984747
u;Unresolved;1;16121705
u;Unresolved;1;16024346
u;Unresolved;1;15978182
u;Unresolved;1;16030632
u;Unresolved;1;16140562
u;Unresolved;1;16087064
u;Unresolved;1;16112137
u;Unresolved;1;16036429
u;Unresolved;1;15708943
u;Unresolved;1;15795196
u;Unresolved;1;15800784
u;Unresolved;1;15841781
u;Unresolved;1;15771241
u;Unresolved;1;15873767
u;Unresolved;1;15823762
u;Unresolved;1;15877050
u;Unresolved;1;15937672
u;Unresolved;1;15901773
u;Unresolved;1;15917279
u;Unresolved;1;15996757
u;Unresolved;1;15926148
u;Unresolved;1;15976643
u;Unresolved;1;16063175
u;Unresolved;1;15692042
u;Unresolved;1;15702589
u;Unresolved;1;15756995
u;Unresolved;1;15842130
u;Unresolved;1;15862733
u;Unresolved;1;15813844
u;Unresolved;1;15798130
u;Unresolved;1;15891158
u;Unresolved;1;15940536
u;Unresolved;1;15937183
u;Unresolved;1;16017500
u;Unresolved;1;16017780
u;Unresolved;1;16024555
u;Unresolved;1;15992218
u;Unresolved;1;16094814
u;Unresolved;1;15722774
u;Unresolved;1;16010867
u;Unresolved;1;15931598
u;Unresolved;1;15941165
u;Unresolved;1;15960512
u;Unresolved;1;15906804
u;Unresolved;1;16066390
u;Unresolved;1;16073095
u;Unresolved;1;16103267
u;Unresolved;1;16114999
u;Unresolved;1;16070441
u;Unresolved;1;15668645
u;Unresolved;1;15793869
u;Unresolved;1;15751685
u;Unresolved;1;15760486
u;Unresolved;1;15901564
u;Unresolved;1;15995291
u;Unresolved;1;15951361
u;Unresolved;1;15884873
u;Unresolved;1;15949475
u;Unresolved;1;16050116
u;Unresolved;1;15984605
u;Unresolved;1;15984047
u;Unresolved;1;16085316
u;Unresolved;1;16060523
u;Unresolved;1;16162071
u;Unresolved;1;15869647
u;Unresolved;1;15853723
u;Unresolved;1;15881030
u;Unresolved;1;15931316
u;Unresolved;1;15964351
u;Unresolved;1;16047881
u;Unresolved;1;16050325
u;Unresolved;1;16124008
u;Unresolved;1;16111296
u;Unresolved;1;16132318
u;Unresolved;1;16154388
u;Unresolved;1;16066598
u;Unresolved;1;16155784
u;Unresolved;1;16090835
u;Unresolved;1;15785071
u;Unresolved;1;15716208
u;Unresolved;1;15848766
u;Unresolved;1;15893673
u;Unresolved;1;15874676
u;Unresolved;1;15819782
u;Unresolved;1;15932364
u;Unresolved;1;15900727
u;Unresolved;1;15962955
u;Unresolved;1;16003881
u;Unresolved;1;16042294
u;Unresolved;1;16087341
u;Unresolved;1;16007304
u;Unresolved;1;16077424
u;Unresolved;1;16155017
u;Unresolved;1;15773546
u;Unresolved;1;15715788
u;Unresolved;1;15749032
u;Unresolved;1;15858054
u;Unresolved;1;15861337
u;Unresolved;1;15800714
u;Unresolved;1;15942840
u;Unresolved;1;15898422
u;Unresolved;1;16016313
u;Unresolved;1;16021342
u;Unresolved;1;16033913
u;Unresolved;1;16123239
u;Unresolved;1;16013939
u;Unresolved;1;16040129
u;Unresolved;1;16166541
u;Unresolved;1;15647137
u;Unresolved;1;15980766
u;Unresolved;1;16064924
u;Unresolved;1;15985516
u;Unresolved;1;16000740
u;Unresolved;1;15992220
u;Unresolved;1;16062410
u;Unresolved;1;16098447
u;Unresolved;1;16150130
u;Unresolved;1;16154321
u;Unresolved;1;16155578
u;Unresolved;1;16124917
u;Unresolved;1;15667878
u;Unresolved;1;15830258
u;Unresolved;1;15789889
u;Unresolved;1;15822505
u;Unresolved;1;15864270
u;Unresolved;1;15927965
u;Unresolved;1;15912949
u;Unresolved;1;15827185
u;Unresolved;1;15920562
u;Unresolved;1;15963863
u;Unresolved;1;15951362
u;Unresolved;1;16009819
u;Unresolved;1;15941514
u;Unresolved;1;16075119
u;Unresolved;1;16118839
u;Unresolved;1;16147405
u;Unresolved;1;15901076
u;Unresolved;1;15925379
u;Unresolved;1;16034891
u;Unresolved;1;16105989
u;Unresolved;1;16079099
u;Unresolved;1;16149569
u;Unresolved;1;15820831
u;Unresolved;1;15948290
u;Unresolved;1;15863364
u;Unresolved;1;16078124
u;Unresolved;1;16026372
u;Unresolved;1;16087204
u;Unresolved;1;16017293
u;Unresolved;1;16119889
u;Unresolved;1;15940468
u;Unresolved;1;16103058
u;Unresolved;1;16120308
u;Unresolved;1;15721655
u;Unresolved;1;15797573
u;Unresolved;1;15798340
u;Unresolved;1;15835007
u;Unresolved;1;15906873
u;Unresolved;1;15809305
u;Unresolved;1;15906105
u;Unresolved;1;15954435
u;Unresolved;1;15898003
u;Unresolved;1;15931596
u;Unresolved;1;15950245
u;Unresolved;1;16009329
u;Unresolved;1;15985095
u;Unresolved;1;16107316
u;Unresolved;1;16111785
u;Unresolved;1;15772498
u;Unresolved;1;15803438
u;Unresolved;1;15858612
u;Unresolved;1;15839476
u;Unresolved;1;15931945
u;Unresolved;1;15806720
u;Unresolved;1;15929989
u;Unresolved;1;15918954
u;Unresolved;1;15891507
u;Unresolved;1;15951570
u;Unresolved;1;15854630
u;Unresolved;1;15967145
u;Unresolved;1;15928523
u;Unresolved;1;15928383
u;Unresolved;1;16106896
u;Unresolved;1;16058496
u;Unresolved;1;15771802
u;Unresolved;1;15942354
u;Unresolved;1;15903593
u;Unresolved;1;15942773
u;Unresolved;1;15967217
u;Unresolved;1;16060245
u;Unresolved;1;16146080
u;Unresolved;1;15981884
u;Unresolved;1;16114093
u;Unresolved;1;16130714
u;Unresolved;1;16148314
u;Unresolved;1;16173456
u;Unresolved;1;16105711
u;Unresolved;1;15688342
u;Unresolved;1;15865178
u;Unresolved;1;15786887
u;Unresolved;1;15815660
u;Unresolved;1;15926918
u;Unresolved;1;15947241
u;Unresolved;1;15873489
u;Unresolved;1;16071069
u;Unresolved;1;16001298
u;Unresolved;1;16051513
u;Unresolved;1;16033494
u;Unresolved;1;16068554
u;Unresolved;1;16025812
u;Unresolved;1;16121284
u;Unresolved;1;16164796
u;Unresolved;1;15747356
u;Unresolved;1;15812586
u;Unresolved;1;15783673
u;Unresolved;1;15852675
u;Unresolved;1;15896186
u;Unresolved;1;15892206
u;Unresolved;1;15853234
u;Unresolved;1;16016382
u;Unresolved;1;16075607
u;Unresolved;1;16008560
u;Unresolved;1;16033423
u;Unresolved;1;16098794
u;Unresolved;1;16026789
u;Unresolved;1;15981671
u;Unresolved;1;15826696
u;Unresolved;1;15987680
u;Unresolved;1;16085876
u;Unresolved;1;16139374
u;Unresolved;1;16095724
u;Unresolved;1;16010798
u;Unresolved;1;16102080
u;Unresolved;1;16096283
u;Unresolved;1;16086924
u;Unresolved;1;16156066
u;Unresolved;1;15787375
u;Unresolved;1;15749521
u;Unresolved;1;15772569
u;Unresolved;1;15813356
u;Unresolved;1;15826835
u;Unresolved;1;15859032
u;Unresolved;1;15785699
u;Unresolved;1;15822855
u;Unresolved;1;15904079
u;Unresolved;1;15985583
u;Unresolved;1;15924752
u;Unresolved;1;16042644
u;Unresolved;1;15950663
u;Unresolved;1;16066040
u;Unresolved;1;16104732
u;Unresolved;1;15887176
u;Unresolved;1;15819501
u;Unresolved;1;15894440
u;Unresolved;1;15898561
u;Unresolved;1;15844154
u;Unresolved;1;15962674
u;Unresolved;1;15952408
u;Unresolved;1;15965398
u;Unresolved;1;16103194
u;Unresolved;1;16094743
u;Unresolved;1;16071417
u;Unresolved;1;16050115
u;Unresolved;1;16046205
u;Unresolved;1;15754203
u;Unresolved;1;15943471
u;Unresolved;1;16027280
u;Unresolved;1;16008632
u;Unresolved;1;16059686
u;Unresolved;1;16027420
u;Unresolved;1;15972944
u;Unresolved;1;16054937
u;Unresolved;1;16057311
u;Unresolved;1;16149152
u;Unresolved;1;16147126
u;Unresolved;1;16118841
u;Unresolved;1;15743515
u;Unresolved;1;15857146
u;Unresolved;1;15796035
u;Unresolved;1;15935298
u;Unresolved;1;15967425
u;Unresolved;1;15897724
u;Unresolved;1;15915952
u;Unresolved;1;15844645
u;Unresolved;1;15924333
u;Unresolved;1;16015475
u;Unresolved;1;16037057
u;Unresolved;1;16077424
u;Unresolved;1;16040548
u;Unresolved;1;16002695
u;Unresolved;1;16167589
u;Unresolved;1;16164586
u;Unresolved;1;15743305
u;Unresolved;1;15894929
u;Unresolved;1;15818384
u;Unresolved;1;15964422
u;Unresolved;1;15899819
u;Unresolved;1;15952409
u;Unresolved;1;15977273
u;Unresolved;1;15994453
u;Unresolved;1;15879216
u;Unresolved;1;16079240
u;Unresolved;1;16058148
u;Unresolved;1;16071488
u;Unresolved;1;16172547
u;Unresolved;1;16159696
u;Unresolved;1;16063316
u;Unresolved;1;15790379
u;Unresolved;1;15945567
u;Unresolved;1;15880754
u;Unresolved;1;15995502
u;Unresolved;1;15987889
u;Unresolved;1;16112836
u;Unresolved;1;15963306
u;Unresolved;1;16059198
u;Unresolved;1;16057591
u;Unresolved;1;16135185
u;Unresolved;1;16096492
u;Unresolved;1;16057871
u;Unresolved;1;15755877
u;Unresolved;1;15698957
u;Unresolved;1;15697001
u;Unresolved;1;15823693
u;Unresolved;1;15781998
u;Unresolved;1;15860499
u;Unresolved;1;15841571
u;Unresolved;1;15848486
u;Unresolved;1;15972663
u;Unresolved;1;15969450
u;Unresolved;1;16041875
u;Unresolved;1;15997456
u;Unresolved;1;15973990
u;Unresolved;1;16074630
u;Unresolved;1;16161093
u;Unresolved;1;15685407
u;Unresolved;1;15785139
u;Unresolved;1;15783672
u;Unresolved;1;15833539
u;Unresolved;1;15911970
u;Unresolved;1;15903659
u;Unresolved;1;15971405
u;Unresolved;1;15923424
u;Unresolved;1;15891087
u;Unresolved;1;16046553
u;Unresolved;1;16081195
u;Unresolved;1;16102565
u;Unresolved;1;16118490
u;Unresolved;1;16027487
u;Unresolved;1;16067785
u;Unresolved;1;15871604
u;Unresolved;1;15832773
u;Unresolved;1;15925591
u;Unresolved;1;15929922
u;Unresolved;1;15964633
u;Unresolved;1;16017572
u;Unresolved;1;16093559
u;Unresolved;1;16043413
u;Unresolved;1;16143495
u;Unresolved;1;16106340
u;Unresolved;1;16156067
u;Unresolved;1;16103267
u;Unresolved;1;16104314
u;Unresolved;1;15714741
u;Unresolved;1;15688900
u;Unresolved;1;15710760
u;Unresolved;1;15780461
u;Unresolved;1;15807489
u;Unresolved;1;15829489
u;Unresolved;1;15915324
u;Unresolved;1;15870416
u;Unresolved;1;15893603
u;Unresolved;1;15999272
u;Unresolved;1;15974060
u;Unresolved;1;15896118
u;Unresolved;1;15988586
u;Unresolved;1;16096631
u;Unresolved;1;16099633
u;Unresolved;1;16097189
u;Unresolved;1;15955271
u;Unresolved;1;15995708
u;Unresolved;1;16103124
u;Unresolved;1;16154807
u;Unresolved;1;16119397
u;Unresolved;1;15884525
u;Unresolved;1;15841434
u;Unresolved;1;15944309
u;Unresolved;1;15976087
u;Unresolved;1;16076448
u;Unresolved;1;16070303
u;Unresolved;1;16169826
u;Unresolved;1;16149642
u;Unresolved;1;16101312
u;Unresolved;1;15653770
u;Unresolved;1;15672208
u;Unresolved;1;15712157
u;Unresolved;1;15727173
u;Unresolved;1;15838290
u;Unresolved;1;15844016
u;Unresolved;1;15798761
u;Unresolved;1;15908061
u;Unresolved;1;15886201
u;Unresolved;1;15905338
u;Unresolved;1;15973362
u;Unresolved;1;15904289
u;Unresolved;1;16014777
u;Unresolved;1;16081616
u;Unresolved;1;16043832
u;Unresolved;1;15731851
u;Unresolved;1;15723749
u;Unresolved;1;15719350
u;Unresolved;1;15865106
u;Unresolved;1;15930897
u;Unresolved;1;15855818
u;Unresolved;1;15879564
u;Unresolved;1;15836822
u;Unresolved;1;15934738
u;Unresolved;1;15884173
u;Unresolved;1;15937392
u;Unresolved;1;16107105
u;Unresolved;1;16076864
u;Unresolved;1;16064293
u;Unresolved;1;15770754
u;Unresolved;1;15872023
u;Unresolved;1;15913089
u;Unresolved;1;15940327
u;Unresolved;1;15935858
u;Unresolved;1;16044809
u;Unresolved;1;16066320
u;Unresolved;1;16170802
u;Unresolved;1;16081895
u;Unresolved;1;16105013
u;Unresolved;1;16140980
u;Unresolved;1;16087761
u;Unresolved;1;15676678
u;Unresolved;1;15758182
u;Unresolved;1;15796245
u;Unresolved;1;15761185
u;Unresolved;1;15905756
u;Unresolved;1;15842900
u;Unresolved;1;15940676
u;Unresolved;1;16063946
u;Unresolved;1;15986283
u;Unresolved;1;15889972
u;Unresolved;1;15998086
u;Unresolved;1;15954435
u;Unresolved;1;16063945
u;Unresolved;1;16101171
u;Unresolved;1;16117164
u;Unresolved;1;15654467
u;Unresolved;1;15698118
u;Unresolved;1;15725984
u;Unresolved;1;15716975
u;Unresolved;1;15818663
u;Unresolved;1;15768098
u;Unresolved;1;16012541
u;Unresolved;1;15897513
u;Unresolved;1;15970916
u;Unresolved;1;15904009
u;Unresolved;1;16021829
u;Unresolved;1;15926078
u;Unresolved;1;16142445
u;Unresolved;1;16065341
u;Unresolved;1;16085175
u;Unresolved;1;15831237
u;Unresolved;1;15919237
u;Unresolved;1;15946823
u;Unresolved;1;15950316
u;Unresolved;1;15964632
u;Unresolved;1;16044531
u;Unresolved;1;15998506
u;Unresolved;1;16151597
u;Unresolved;1;16169057
u;Unresolved;1;16093839
u;Unresolved;1;16130295
u;Unresolved;1;15669764
u;Unresolved;1;15740722
u;Unresolved;1;15721026
u;Unresolved;1;15756156
u;Unresolved;1;15842480
u;Unresolved;1;15823971
u;Unresolved;1;15915114
u;Unresolved;1;15916092
u;Unresolved;1;15907292
u;Unresolved;1;16000389
u;Unresolved;1;15920841
u;Unresolved;1;16011006
u;Unresolved;1;16008352
u;Unresolved;1;16119748
u;Unresolved;1;16059824
u;Unresolved;1;15646646
u;Unresolved;1;15641617
u;Unresolved;1;15813147
u;Unresolved;1;15833470
u;Unresolved;1;15918187
u;Unresolved;1;15914765
u;Unresolved;1;15897304
u;Unresolved;1;15926917
u;Unresolved;1;15911552
u;Unresolved;1;15920771
u;Unresolved;1;16034471
u;Unresolved;1;16102496
u;Unresolved;1;16050255
u;Unresolved;1;16119118
u;Unresolved;1;16160325
u;Unresolved;1;15724939
u;Unresolved;1;15830328
u;Unresolved;1;15826558
u;Unresolved;1;15917420
u;Unresolved;1;15928875
u;Unresolved;1;15983700
u;Unresolved;1;15960303
u;Unresolved;1;16009820
u;Unresolved;1;16094676
u;Unresolved;1;16018271
u;Unresolved;1;16020226
u;Unresolved;1;16173318
u;Unresolved;1;16142936
u;Unresolved;1;16156625
u;Unresolved;1;15680518
u;Unresolved;1;15736600
u;Unresolved;1;15778225
u;Unresolved;1;15737369
u;Unresolved;1;15879215
u;Unresolved;1;15870624
u;Unresolved;1;15864898
u;Unresolved;1;15880612
u;Unresolved;1;15932155
u;Unresolved;1;15996129
u;Unresolved;1;16068763
u;Unresolved;1;16027766
u;Unresolved;1;15950522
u;Unresolved;1;16142375
u;Unresolved;1;16117861
u;Unresolved;1;15662011
u;Unresolved;1;15756855
u;Unresolved;1;15804137
u;Unresolved;1;15858333
u;Unresolved;1;15869997
u;Unresolved;1;15923705
u;Unresolved;1;15908339
u;Unresolved;1;15986910
u;Unresolved;1;16085735
u;Unresolved;1;16046205
u;Unresolved;1;16000110
u;Unresolved;1;15969101
u;Unresolved;1;16049767
u;Unresolved;1;16162700
u;Unresolved;1;16135601
u;Unresolved;1;15787655
u;Unresolved;1;15907223
u;Unresolved;1;15978880
u;Unresolved;1;15966657
u;Unresolved;1;15987959
u;Unresolved;1;16136510
u;Unresolved;1;16110739
u;Unresolved;1;16137488
u;Unresolved;1;16119399
u;Unresolved;1;16114511
u;Unresolved;1;15722982
u;Unresolved;1;15732201
u;Unresolved;1;15707896
u;Unresolved;1;15876911
u;Unresolved;1;15838218
u;Unresolved;1;15854212
u;Unresolved;1;15900586
u;Unresolved;1;15970287
u;Unresolved;1;15887665
u;Unresolved;1;16024693
u;Unresolved;1;16002763
u;Unresolved;1;16096629
u;Unresolved;1;16036077
u;Unresolved;1;16067156
u;Unresolved;1;15739954
u;Unresolved;1;15774525
u;Unresolved;1;15776341
u;Unresolved;1;15814474
u;Unresolved;1;15916512
u;Unresolved;1;15894581
u;Unresolved;1;15974340
u;Unresolved;1;15945843
u;Unresolved;1;16007095
u;Unresolved;1;15957926
u;Unresolved;1;16083780
u;Unresolved;1;16083990
u;Unresolved;1;16078473
u;Unresolved;1;16126034
u;Unresolved;1;15813217
u;Unresolved;1;15781999
u;Unresolved;1;15861687
u;Unresolved;1;15944099
u;Unresolved;1;15987819
u;Unresolved;1;16052073
u;Unresolved;1;16018829
u;Unresolved;1;16063736
u;Unresolved;1;16079381
u;Unresolved;1;16047393
u;Unresolved;1;16068136
u;Unresolved;1;16109273
u;Unresolved;1;15717394
u;Unresolved;1;15653699
u;Unresolved;1;15717394
u;Unresolved;1;15809654
u;Unresolved;1;15822016
u;Unresolved;1;15986002
u;Unresolved;1;15945006
u;Unresolved;1;15964212
u;Unresolved;1;15963583
u;Unresolved;1;16020993
u;Unresolved;1;15934041
u;Unresolved;1;16072745
u;Unresolved;1;16050675
u;Unresolved;1;16155575
u;Unresolved;1;16109551
u;Unresolved;1;15816778
u;Unresolved;1;15725357
u;Unresolved;1;15866574
u;Unresolved;1;15903031
u;Unresolved;1;15917418
u;Unresolved;1;15886060
u;Unresolved;1;15885222
u;Unresolved;1;15914067
u;Unresolved;1;16060662
u;Unresolved;1;16028396
u;Unresolved;1;15969310
u;Unresolved;1;15999691
u;Unresolved;1;16100750
u;Unresolved;1;16126591
u;Unresolved;1;15822576
u;Unresolved;1;15865110
u;Unresolved;1;15967357
u;Unresolved;1;16062969
u;Unresolved;1;16056194
u;Unresolved;1;16170943
u;Unresolved;1;16132111
u;Unresolved;1;16069324
u;Unresolved;1;16151736
u;Unresolved;1;16164238
u;Unresolved;1;16111997
u;Unresolved;1;16150969
u;Unresolved;1;15792193
u;Unresolved;1;15829418
u;Unresolved;1;15832771
u;Unresolved;1;15919583
u;Unresolved;1;15941582
u;Unresolved;1;15882148
u;Unresolved;1;15906802
u;Unresolved;1;16029513
u;Unresolved;1;15965119
u;Unresolved;1;15944027
u;Unresolved;1;16057798
u;Unresolved;1;16106826
u;Unresolved;1;16021899
u;Unresolved;1;16167657
u;Unresolved;1;15750710
u;Unresolved;1;15700284
u;Unresolved;1;15873908
u;Unresolved;1;15906106
u;Unresolved;1;15886899
u;Unresolved;1;16018689
u;Unresolved;1;16073165
u;Unresolved;1;16022949
u;Unresolved;1;16004301
u;Unresolved;1;16047114
u;Unresolved;1;16115418
u;Unresolved;1;16084967
u;Unresolved;1;16153132
u;Unresolved;1;15737509
u;Unresolved;1;15767890
u;Unresolved;1;15846390
u;Unresolved;1;15922098
u;Unresolved;1;15941025
u;Unresolved;1;15935368
u;Unresolved;1;16033843
u;Unresolved;1;16035589
u;Unresolved;1;16032795
u;Unresolved;1;15999412
u;Unresolved;1;16064504
u;Unresolved;1;16031469
u;Unresolved;1;16129735
u;Unresolved;1;16144331
u;Unresolved;1;15733109
u;Unresolved;1;15766702
u;Unresolved;1;15816708
u;Unresolved;1;15895838
u;Unresolved;1;15951291
u;Unresolved;1;16018059
u;Unresolved;1;15973221
u;Unresolved;1;15998923
u;Unresolved;1;16027767
u;Unresolved;1;15973919
u;Unresolved;1;16142236
u;Unresolved;1;16044877
u;Unresolved;1;16151875
u;Unresolved;1;15889344
u;Unresolved;1;15870627
u;Unresolved;1;16015965
u;Unresolved;1;16086434
u;Unresolved;1;16061361
u;Unresolved;1;16081545
u;Unresolved;1;16168498
u;Unresolved;1;16176949
u;Unresolved;1;16117096
u;Unresolved;1;15653420
u;Unresolved;1;15772987
u;Unresolved;1;15733946
u;Unresolved;1;15777178
u;Unresolved;1;15881520
u;Unresolved;1;15934529
u;Unresolved;1;15934809
u;Unresolved;1;15993057
u;Unresolved;1;15919444
u;Unresolved;1;15938232
u;Unresolved;1;15911552
u;Unresolved;1;15991939
u;Unresolved;1;16131202
u;Unresolved;1;16143703
u;Unresolved;1;16070509
u;Unresolved;1;15747845
u;Unresolved;1;15763420
u;Unresolved;1;15792124
u;Unresolved;1;15802950
u;Unresolved;1;15824391
u;Unresolved;1;15933621
u;Unresolved;1;16062269
u;Unresolved;1;15961488
u;Unresolved;1;16012402
u;Unresolved;1;16026720
u;Unresolved;1;15988935
u;Unresolved;1;16042923
u;Unresolved;1;16107316
u;Unresolved;1;16145100
u;Unresolved;1;15883337
u;Unresolved;1;15899681
u;Unresolved;1;15940608
u;Unresolved;1;16007585
u;Unresolved;1;16040270
u;Unresolved;1;16038245
u;Unresolved;1;16094048
u;Unresolved;1;16069464
u;Unresolved;1;16159978
u;Unresolved;1;16144054
u;Unresolved;1;15780530
u;Unresolved;1;15821248
u;Unresolved;1;15886897
u;Unresolved;1;15915044
u;Unresolved;1;15889552
u;Unresolved;1;15921818
u;Unresolved;1;15896885
u;Unresolved;1;15939837
u;Unresolved;1;15910643
u;Unresolved;1;15964281
u;Unresolved;1;15938090
u;Unresolved;1;16012820
u;Unresolved;1;16038732
u;Unresolved;1;16109550
u;Unresolved;1;16101099
u;Unresolved;1;16088388
u;Unresolved;1;15773408
u;Unresolved;1;15857915
u;Unresolved;1;15843947
u;Unresolved;1;15844366
u;Unresolved;1;15858614
u;Unresolved;1;15896049
u;Unresolved;1;16042643
u;Unresolved;1;15959184
u;Unresolved;1;16079659
u;Unresolved;1;16019387
u;Unresolved;1;16097818
u;Unresolved;1;15977483
u;Unresolved;1;16055704
u;Unresolved;1;16165773
u;Unresolved;1;15934671
u;Unresolved;1;16063877
u;Unresolved;1;15999623
u;Unresolved;1;16033356
u;Unresolved;1;16050188
u;Unresolved;1;16171851
u;Unresolved;1;16155717
u;Unresolved;1;16110810
u;Unresolved;1;16157044
u;Unresolved;1;15670601
u;Unresolved;1;15734365
u;Unresolved;1;15760416
u;Unresolved;1;15853653
u;Unresolved;1;15877818
u;Unresolved;1;15876631
u;Unresolved;1;15892066
u;Unresolved;1;15972034
u;Unresolved;1;15971823
u;Unresolved;1;15868320
u;Unresolved;1;15924542
u;Unresolved;1;15987398
u;Unresolved;1;15991030
u;Unresolved;1;16004300
u;Unresolved;1;16098655
u;Unresolved;1;16142025
u;Unresolved;1;15823832
u;Unresolved;1;15813006
u;Unresolved;1;15883616
u;Unresolved;1;15857286
u;Unresolved;1;15903730
u;Unresolved;1;15901285
u;Unresolved;1;15846809
u;Unresolved;1;16008980
u;Unresolved;1;15954993
u;Unresolved;1;15905825
u;Unresolved;1;15977901
u;Unresolved;1;15973641
u;Unresolved;1;15996688
u;Unresolved;1;16076865
u;Unresolved;1;16094675
u;Unresolved;1;15967146
u;Unresolved;1;16039291
u;Unresolved;1;15969590
u;Unresolved;1;16015545
u;Unresolved;1;16067367
u;Unresolved;1;16130643
u;Unresolved;1;16066808
u;Unresolved;1;16121284
u;Unresolved;1;16145938
u;Unresolved;1;16119678
u;Unresolved;1;16169125
u;Unresolved;1;15823971
u;Unresolved;1;15866714
u;Unresolved;1;15863710
u;Unresolved;1;15904079
u;Unresolved;1;15957925
u;Unresolved;1;15937741
u;Unresolved;1;15957925
u;Unresolved;1;16033493
u;Unresolved;1;15982091
u;Unresolved;1;16138395
u;Unresolved;1;16104382
u;Unresolved;1;16139163
u;Unresolved;1;16111156
u;Unresolved;1;16177365
u;Unresolved;1;15834100
u;Unresolved;1;15952340
u;Unresolved;1;15980835
u;Unresolved;1;15963305
u;Unresolved;1;15898073
u;Unresolved;1;16029864
u;Unresolved;1;16126453
u;Unresolved;1;16097469
u;Unresolved;1;16094536
u;Unresolved;1;16113811
u;Unresolved;1;16121005
u;Unresolved;1;16059057
u;Unresolved;1;16110738
u;Unresolved;1;16172757
u;Unresolved;1;16015686
u;Unresolved;1;16103615
u;Unresolved;1;16006397
u;Unresolved;1;16058778
u;Unresolved;1;16172548
u;Unresolved;1;16135114
u;Unresolved;1;15858961
u;Unresolved;1;15816218
u;Unresolved;1;15823063
u;Unresolved;1;15853723
u;Unresolved;1;15866783
u;Unresolved;1;15936833
u;Unresolved;1;15895697
u;Unresolved;1;15950313
u;Unresolved;1;16045575
u;Unresolved;1;15956459
u;Unresolved;1;16081823
u;Unresolved;1;16042363
u;Unresolved;1;16087480
u;Unresolved;1;16038801
u;Unresolved;1;16157600
u;Unresolved;1;15908201
u;Unresolved;1;15921679
u;Unresolved;1;15958625
u;Unresolved;1;15982371
u;Unresolved;1;15997177
u;Unresolved;1;16066180
u;Unresolved;1;15992987
u;Unresolved;1;16010028
u;Unresolved;1;16092789
u;Unresolved;1;16149081
u;Unresolved;1;16099774
u;Unresolved;1;16160605
u;Unresolved;1;16118561
u;Unresolved;1;16155855
u;Unresolved;1;16080218
u;Unresolved;1;16129805
u;Unresolved;1;16114440
u;Unresolved;1;16163049
u;Unresolved;1;15829558
u;Unresolved;1;15890040
u;Unresolved;1;15887666
u;Unresolved;1;15913856
u;Unresolved;1;15926008
u;Unresolved;1;16051093
u;Unresolved;1;16002764
u;Unresolved;1;16001646
u;Unresolved;1;16013379
u;Unresolved;1;16094604
u;Unresolved;1;16111784
u;Unresolved;1;16091182
u;Unresolved;1;16061430
u;Unresolved;1;16171150
u;Unresolved;1;16010308
u;Unresolved;1;16025044
u;Unresolved;1;16018689
u;Unresolved;1;15999692
u;Unresolved;1;16053329
u;Unresolved;1;16110180
u;Unresolved;1;16040828
u;Unresolved;1;16114160
u;Unresolved;1;16116466
u;Unresolved;1;16102218
u;Unresolved;1;16055494
u;Unresolved;1;16139094
u;Unresolved;1;16156694
u;Unresolved;1;16116256
u;Unresolved;1;16147475
u;Unresolved;1;15922237
u;Unresolved;1;15943957
u;Unresolved;1;15962605
u;Unresolved;1;15917907
u;Unresolved;1;15990262
u;Unresolved;1;15953944
u;Unresolved;1;16017639
u;Unresolved;1;16032166
u;Unresolved;1;15974198
u;Unresolved;1;16160534
u;Unresolved;1;16123658
u;Unresolved;1;16060173
u;Unresolved;1;16164864
u;Unresolved;1;16118350
u;Unresolved;1;16173384
u;Unresolved;1;15922727
u;Unresolved;1;15881591
u;Unresolved;1;15921959
u;Unresolved;1;15943330
u;Unresolved;1;15942631
u;Unresolved;1;15913368
u;Unresolved;1;16000530
u;Unresolved;1;15949895
u;Unresolved;1;16095094
u;Unresolved;1;16059266
u;Unresolved;1;16132320
u;Unresolved;1;16097888
u;Unresolved;1;16086714
u;Unresolved;1;16074771
u;Unresolved;1;16140421
u;Unresolved;1;16122681
u;Unresolved;1;16089227
u;Unresolved;1;15994035
u;Unresolved;1;16098376
u;Unresolved;1;16117233
u;Unresolved;1;16172198
u;Unresolved;1;16140910
u;Unresolved;1;16155017
u;Unresolved;1;15911830
u;Unresolved;1;16006535
u;Unresolved;1;15849113
u;Unresolved;1;15968332
u;Unresolved;1;15945564
u;Unresolved;1;16051791
u;Unresolved;1;16032096
u;Unresolved;1;16086642
u;Unresolved;1;16110877
u;Unresolved;1;16102565
u;Unresolved;1;16177435
u;Unresolved;1;16135879
u;Unresolved;1;16119606
u;Unresolved;1;16127987
u;Unresolved;1;16057799
u;Unresolved;1;16016173
u;Unresolved;1;16079589
u;Unresolved;1;16060103
u;Unresolved;1;16084827
u;Unresolved;1;15997107
u;Unresolved;1;16133646
u;Unresolved;1;16154668
u;Unresolved;1;16131131
u;Unresolved;1;16031609
u;Unresolved;1;16045507
u;Unresolved;1;16109970
u;Unresolved;1;16104733
u;Unresolved;1;16129666
u;Unresolved;1;16161513
u;Unresolved;1;16118491
u;Unresolved;1;16165564
u;Unresolved;1;15797152
u;Unresolved;1;15901633
u;Unresolved;1;15915253
u;Unresolved;1;15952617
u;Unresolved;1;15993894
u;Unresolved;1;15940116
u;Unresolved;1;15955900
u;Unresolved;1;15917348
u;Unresolved;1;15987329
u;Unresolved;1;15983138
u;Unresolved;1;16052490
u;Unresolved;1;16059194
u;Unresolved;1;16055423
u;Unresolved;1;16043760
u;Unresolved;1;16064083
u;Unresolved;1;15993755
u;Unresolved;1;16040479
u;Unresolved;1;16006745
u;Unresolved;1;16102777
u;Unresolved;1;15958694
u;Unresolved;1;16010516
u;Unresolved;1;16109202
u;Unresolved;1;16066528
u;Unresolved;1;16112903
u;Unresolved;1;16105500
u;Unresolved;1;16118770
u;Unresolved;1;16076097
u;Unresolved;1;16145309
e;Unresolved;1;67086430
e;Unresolved;1;68130970
e;Unresolved;1;68828330
e;Unresolved;1;68945942
e;Unresolved;1;68329596
e;Unresolved;1;64992881
e;Unresolved;1;66681423
e;Unresolved;1;71204595
e;Unresolved;1;65195489
e;Unresolved;1;71074202
e;Unresolved;1;67751385
e;Unresolved;1;65999427
e;Unresolved;1;70247775
e;Unresolved;1;70166061
e;Unresolved;1;66214817
e;Unresolved;1;64685442
e;Unresolved;1;15124587
e;Unresolved;1;15209863
e;Unresolved;1;15174314
e;Unresolved;1;15108035
e;Unresolved;1;15185837
e;Unresolved;1;15167958
e;Unresolved;1;15219711
e;Unresolved;1;15226834
e;Unresolved;1;15221038
e;Unresolved;1;15198060
e;Unresolved;1;15238428
e;Unresolved;1;15241710
e;Unresolved;1;15308897
e;Unresolved;1;15251279
e;Unresolved;1;15307430
e;Unresolved;1;15398084
e;Unresolved;1;15037287
e;Unresolved;1;15134156
e;Unresolved;1;15044899
e;Unresolved;1;15137788
e;Unresolved;1;15140651
e;Unresolved;1;15092880
e;Unresolved;1;15196384
e;Unresolved;1;15204974
e;Unresolved;1;15203857
e;Unresolved;1;15183813
e;Unresolved;1;15215939
e;Unresolved;1;15261266
e;Unresolved;1;15145190
e;Unresolved;1;15288993
e;Unresolved;1;15255818
e;Unresolved;1;15300167
e;Unresolved;1;15261336
e;Unresolved;1;15241989
e;Unresolved;1;15218314
e;Unresolved;1;15243526
e;Unresolved;1;15220059
e;Unresolved;1;15243317
e;Unresolved;1;15253792
e;Unresolved;1;15327824
e;Unresolved;1;15325659
e;Unresolved;1;15423576
e;Unresolved;1;15321399
e;Unresolved;1;15366655
e;Unresolved;1;15298909
e;Unresolved;1;15382579
e;Unresolved;1;15478959
e;Unresolved;1;15360719
e;Unresolved;1;14987350
e;Unresolved;1;14958087
e;Unresolved;1;15023178
e;Unresolved;1;14951312
e;Unresolved;1;14974989
e;Unresolved;1;14950963
e;Unresolved;1;15001179
e;Unresolved;1;14971287
e;Unresolved;1;15011236
e;Unresolved;1;15052162
e;Unresolved;1;15084009
e;Unresolved;1;15018290
e;Unresolved;1;15101958
e;Unresolved;1;15144562
e;Unresolved;1;15179971
e;Unresolved;1;15122562
e;Unresolved;1;15071788
e;Unresolved;1;15078632
e;Unresolved;1;15098467
e;Unresolved;1;15049159
e;Unresolved;1;15145609
e;Unresolved;1;15092041
e;Unresolved;1;15151406
e;Unresolved;1;15144213
e;Unresolved;1;15148333
e;Unresolved;1;15095463
e;Unresolved;1;15201202
e;Unresolved;1;15190098
e;Unresolved;1;15175082
e;Unresolved;1;15137228
e;Unresolved;1;15175780
e;Unresolved;1;15278795
e;Unresolved;1;15233189
e;Unresolved;1;15298211
e;Unresolved;1;15316370
e;Unresolved;1;15254701
e;Unresolved;1;15249602
e;Unresolved;1;15335158
e;Unresolved;1;15290389
e;Unresolved;1;15387328
e;Unresolved;1;15278866
e;Unresolved;1;15306802
e;Unresolved;1;15309525
e;Unresolved;1;15433353
e;Unresolved;1;15321189
e;Unresolved;1;15342630
e;Unresolved;1;15460800
e;Unresolved;1;15413938
e;Unresolved;1;15089458
e;Unresolved;1;15180600
e;Unresolved;1;15169635
e;Unresolved;1;15162023
e;Unresolved;1;15144981
e;Unresolved;1;15102379
e;Unresolved;1;15167680
e;Unresolved;1;15121864
e;Unresolved;1;15147915
e;Unresolved;1;15216639
e;Unresolved;1;15189680
e;Unresolved;1;15229769
e;Unresolved;1;15259940
e;Unresolved;1;15286129
e;Unresolved;1;15249953
e;Unresolved;1;15343958
e;Unresolved;1;15359253
e;Unresolved;1;15337532
e;Unresolved;1;15433633
e;Unresolved;1;15439710
e;Unresolved;1;15528337
e;Unresolved;1;15400320
e;Unresolved;1;15574223
e;Unresolved;1;15573106
e;Unresolved;1;16896240
e;Unresolved;1;16902385
e;Unresolved;1;16950855
e;Unresolved;1;16939681
e;Unresolved;1;16982703
e;Unresolved;1;16973065
e;Unresolved;1;17033058
e;Unresolved;1;17185241
e;Unresolved;1;15285570
e;Unresolved;1;15282148
e;Unresolved;1;15230954
e;Unresolved;1;15338090
e;Unresolved;1;15253444
e;Unresolved;1;15288294
e;Unresolved;1;15395010
e;Unresolved;1;15314344
e;Unresolved;1;15336484
e;Unresolved;1;15322795
e;Unresolved;1;15441176
e;Unresolved;1;15447462
e;Unresolved;1;15485595
e;Unresolved;1;15313647
e;Unresolved;1;15460522
e;Unresolved;1;15508712
e;Unresolved;1;15074023
e;Unresolved;1;15078632
e;Unresolved;1;15054677
e;Unresolved;1;15088968
e;Unresolved;1;15112784
e;Unresolved;1;15072066
e;Unresolved;1;15071579
e;Unresolved;1;15132130
e;Unresolved;1;15156924
e;Unresolved;1;15141210
e;Unresolved;1;15169634
e;Unresolved;1;15138974
e;Unresolved;1;15261824
e;Unresolved;1;15276561
e;Unresolved;1;15159927
e;Unresolved;1;15275862
e;Unresolved;1;15143165
e;Unresolved;1;15157482
e;Unresolved;1;15142606
e;Unresolved;1;15174383
e;Unresolved;1;15158390
e;Unresolved;1;15129127
e;Unresolved;1;15127661
e;Unresolved;1;15180460
e;Unresolved;1;15209234
e;Unresolved;1;15275932
e;Unresolved;1;15254910
e;Unresolved;1;15221456
e;Unresolved;1;15285989
e;Unresolved;1;15332433
e;Unresolved;1;15353316
e;Unresolved;1;15257913
e;Unresolved;1;15325240
e;Unresolved;1;15426719
e;Unresolved;1;15376434
e;Unresolved;1;15386352
e;Unresolved;1;15364073
e;Unresolved;1;15460103
e;Unresolved;1;15393126
e;Unresolved;1;15381183
e;Unresolved;1;15389983
e;Unresolved;1;15407094
e;Unresolved;1;15519398
e;Unresolved;1;15498516
e;Unresolved;1;15413379
e;Unresolved;1;15551734
e;Unresolved;1;15597899
e;Unresolved;1;15217475
e;Unresolved;1;15189050
e;Unresolved;1;15202879
e;Unresolved;1;15177457
e;Unresolved;1;15201482
e;Unresolved;1;15217266
e;Unresolved;1;15167400
e;Unresolved;1;15176479
e;Unresolved;1;15225856
e;Unresolved;1;15286897
e;Unresolved;1;15272789
e;Unresolved;1;15253374
e;Unresolved;1;15256237
e;Unresolved;1;15235355
e;Unresolved;1;15395010
e;Unresolved;1;15344935
e;Unresolved;1;15129544
e;Unresolved;1;15158249
e;Unresolved;1;15233258
e;Unresolved;1;15263917
e;Unresolved;1;15264198
e;Unresolved;1;15212166
e;Unresolved;1;15187233
e;Unresolved;1;15192820
e;Unresolved;1;15212795
e;Unresolved;1;15213633
e;Unresolved;1;15369029
e;Unresolved;1;15229767
e;Unresolved;1;15372870
e;Unresolved;1;15316998
e;Unresolved;1;15410934
e;Unresolved;1;15351499
e;Unresolved;1;15465760
e;Unresolved;1;15395360
e;Unresolved;1;15441944
e;Unresolved;1;15467716
e;Unresolved;1;15449139
e;Unresolved;1;15442992
e;Unresolved;1;15446205
e;Unresolved;1;15384256
e;Unresolved;1;15486293
e;Unresolved;1;15466249
e;Unresolved;1;15378110
e;Unresolved;1;15513322
e;Unresolved;1;15542376
e;Unresolved;1;15532109
e;Unresolved;1;15550966
e;Unresolved;1;15181716
e;Unresolved;1;15159786
e;Unresolved;1;15160694
e;Unresolved;1;15223969
e;Unresolved;1;15136738
e;Unresolved;1;15164884
e;Unresolved;1;15160205
e;Unresolved;1;15213913
e;Unresolved;1;15262661
e;Unresolved;1;15223761
e;Unresolved;1;15276281
e;Unresolved;1;15240452
e;Unresolved;1;15244153
e;Unresolved;1;15346820
e;Unresolved;1;15348496
e;Unresolved;1;15350871
e;Unresolved;1;15204065
e;Unresolved;1;15229347
e;Unresolved;1;15278236
e;Unresolved;1;15318883
e;Unresolved;1;15341582
e;Unresolved;1;15262102
e;Unresolved;1;15307918
e;Unresolved;1;15380972
e;Unresolved;1;15350241
e;Unresolved;1;15401086
e;Unresolved;1;15389492
e;Unresolved;1;15325588
e;Unresolved;1;15430139
e;Unresolved;1;15366655
e;Unresolved;1;15461358
e;Unresolved;1;15484755
e;Unresolved;1;15349056
e;Unresolved;1;15483220
e;Unresolved;1;15446204
e;Unresolved;1;15380414
e;Unresolved;1;15512483
e;Unresolved;1;15534971
e;Unresolved;1;15469950
e;Unresolved;1;15451023
e;Unresolved;1;15466249
e;Unresolved;1;15587562
e;Unresolved;1;15458008
e;Unresolved;1;15574432
e;Unresolved;1;15603695
e;Unresolved;1;15567168
e;Unresolved;1;15246807
e;Unresolved;1;15307359
e;Unresolved;1;15355130
e;Unresolved;1;15388724
e;Unresolved;1;15293600
e;Unresolved;1;15351638
e;Unresolved;1;15394869
e;Unresolved;1;15357225
e;Unresolved;1;15365955
e;Unresolved;1;15428254
e;Unresolved;1;15321885
e;Unresolved;1;15395637
e;Unresolved;1;15456818
e;Unresolved;1;15542653
e;Unresolved;1;15502913
e;Unresolved;1;15504310
e;Unresolved;1;15329220
e;Unresolved;1;15405136
e;Unresolved;1;15423295
e;Unresolved;1;15434679
e;Unresolved;1;15470019
e;Unresolved;1;15381740
e;Unresolved;1;15499700
e;Unresolved;1;15447111
e;Unresolved;1;15417638
e;Unresolved;1;15492088
e;Unresolved;1;15550126
e;Unresolved;1;15564792
e;Unresolved;1;15462196
e;Unresolved;1;15532666
e;Unresolved;1;15576526
e;Unresolved;1;15635891
e;Unresolved;1;15565352
e;Unresolved;1;15560534
e;Unresolved;1;15494324
e;Unresolved;1;15524077
e;Unresolved;1;15501658
e;Unresolved;1;15555016
e;Unresolved;1;15553131
e;Unresolved;1;15633586
e;Unresolved;1;15620666
e;Unresolved;1;15626324
e;Unresolved;1;15583232
e;Unresolved;1;15241849
e;Unresolved;1;15298978
e;Unresolved;1;15263011
e;Unresolved;1;15385092
e;Unresolved;1;15353454
e;Unresolved;1;15355759
e;Unresolved;1;15387816
e;Unresolved;1;15396616
e;Unresolved;1;15341233
e;Unresolved;1;15400108
e;Unresolved;1;15397105
e;Unresolved;1;15443549
e;Unresolved;1;15454514
e;Unresolved;1;15429092
e;Unresolved;1;15468133
e;Unresolved;1;15572894
e;Unresolved;1;15341024
e;Unresolved;1;15307081
e;Unresolved;1;15368611
e;Unresolved;1;15350173
e;Unresolved;1;15396058
e;Unresolved;1;15375176
e;Unresolved;1;15399271
e;Unresolved;1;15412051
e;Unresolved;1;15342211
e;Unresolved;1;15387957
e;Unresolved;1;15434191
e;Unresolved;1;15452699
e;Unresolved;1;15394731
e;Unresolved;1;15548730
e;Unresolved;1;15560184
e;Unresolved;1;15543632
e;Unresolved;1;15391657
e;Unresolved;1;15525471
e;Unresolved;1;15516742
e;Unresolved;1;15467713
e;Unresolved;1;15561579
e;Unresolved;1;15469249
e;Unresolved;1;15537065
e;Unresolved;1;15572823
e;Unresolved;1;15492297
e;Unresolved;1;15597896
e;Unresolved;1;15454584
e;Unresolved;1;15441593
e;Unresolved;1;15433632
e;Unresolved;1;15419524
e;Unresolved;1;15440197
e;Unresolved;1;15438799
e;Unresolved;1;15419315
e;Unresolved;1;15474698
e;Unresolved;1;15454514
e;Unresolved;1;15487269
e;Unresolved;1;15532107
e;Unresolved;1;15423156
e;Unresolved;1;15558926
e;Unresolved;1;15583719
e;Unresolved;1;15631211
e;Unresolved;1;15612424
e;Unresolved;1;15382859
e;Unresolved;1;15289970
e;Unresolved;1;15448648
e;Unresolved;1;15394592
e;Unresolved;1;15445296
e;Unresolved;1;15404649
e;Unresolved;1;15461919
e;Unresolved;1;15460032
e;Unresolved;1;15484826
e;Unresolved;1;15524705
e;Unresolved;1;15522890
e;Unresolved;1;15525194
e;Unresolved;1;15414426
e;Unresolved;1;15572337
e;Unresolved;1;15611727
e;Unresolved;1;15620106
e;Unresolved;1;15512133
e;Unresolved;1;15579669
e;Unresolved;1;15630163
e;Unresolved;1;15602716
e;Unresolved;1;15604393
e;Unresolved;1;15346680
e;Unresolved;1;15311411
e;Unresolved;1;15303450
e;Unresolved;1;15339348
e;Unresolved;1;15401646
e;Unresolved;1;15368122
e;Unresolved;1;15394242
e;Unresolved;1;15356947
e;Unresolved;1;15383417
e;Unresolved;1;15480007
e;Unresolved;1;15414286
e;Unresolved;1;15454306
e;Unresolved;1;15378110
e;Unresolved;1;15490204
e;Unresolved;1;15499841
e;Unresolved;1;15567867
e;Unresolved;1;15409399
e;Unresolved;1;15511576
e;Unresolved;1;15473792
e;Unresolved;1;15517442
e;Unresolved;1;15549988
e;Unresolved;1;15534205
e;Unresolved;1;15607397
e;Unresolved;1;15586375
e;Unresolved;1;15546286
e;Unresolved;1;15610819
e;Unresolved;1;15513879
e;Unresolved;1;15590496
e;Unresolved;1;15604324
e;Unresolved;1;15629885
e;Unresolved;1;15595942
e;Unresolved;1;15637568
e;Unresolved;1;15572406
e;Unresolved;1;15605859
e;Unresolved;1;15379995
e;Unresolved;1;15429512
e;Unresolved;1;15402832
e;Unresolved;1;15462966
e;Unresolved;1;15443200
e;Unresolved;1;15578412
e;Unresolved;1;15394243
e;Unresolved;1;15554457
e;Unresolved;1;15520305
e;Unresolved;1;15468623
e;Unresolved;1;15489365
e;Unresolved;1;15529664
e;Unresolved;1;15594266
e;Unresolved;1;15551035
e;Unresolved;1;15479728
e;Unresolved;1;15600483
e;Unresolved;1;15596990
e;Unresolved;1;15599295
e;Unresolved;1;15513111
e;Unresolved;1;15574431
e;Unresolved;1;15632259
e;Unresolved;1;15348426
e;Unresolved;1;15334040
e;Unresolved;1;15274186
e;Unresolved;1;15363093
e;Unresolved;1;15414775
e;Unresolved;1;15464153
e;Unresolved;1;15494254
e;Unresolved;1;15483918
e;Unresolved;1;15469671
e;Unresolved;1;15466807
e;Unresolved;1;15498585
e;Unresolved;1;15467156
e;Unresolved;1;15457797
e;Unresolved;1;15592940
e;Unresolved;1;15569055
e;Unresolved;1;15496281
e;Unresolved;1;15475956
e;Unresolved;1;15541537
e;Unresolved;1;15536019
e;Unresolved;1;15547473
e;Unresolved;1;15607118
e;Unresolved;1;15553200
e;Unresolved;1;15515556
e;Unresolved;1;15613473
e;Unresolved;1;15523518
e;Unresolved;1;15598317
e;Unresolved;1;15531829
e;Unresolved;1;15565702
e;Unresolved;1;15538254
e;Unresolved;1;15622133
e;Unresolved;1;15638965
e;Unresolved;1;15521981
e;Unresolved;1;15596781
e;Unresolved;1;15563677
e;Unresolved;1;15577645
e;Unresolved;1;15554737
e;Unresolved;1;15520026
e;Unresolved;1;15567727
e;Unresolved;1;15621854
e;Unresolved;1;15618502
e;Unresolved;1;15619619
e;Unresolved;1;15551036
e;Unresolved;1;15521493
e;Unresolved;1;15555016
e;Unresolved;1;15514369
e;Unresolved;1;15517652
e;Unresolved;1;15558160
e;Unresolved;1;15604953
e;Unresolved;1;15504382
e;Unresolved;1;15524497
e;Unresolved;1;15575131
e;Unresolved;1;15585817
e;Unresolved;1;15634705
e;Unresolved;1;15586166
e;Unresolved;1;15595384
e;Unresolved;1;15584839
e;Unresolved;1;15555156
e;Unresolved;1;15621435
e;Unresolved;1;15616756
e;Unresolved;1;15635403
e;Unresolved;1;15630512
e;Unresolved;1;15636449
e;Unresolved;1;15601179
e;Unresolved;1;15624645
e;Unresolved;1;15592379
e;Unresolved;1;15603553
e;Unresolved;1;15591959
e;Unresolved;1;15571007
e;Unresolved;1;15576036
e;Unresolved;1;15440126
e;Unresolved;1;15518068
e;Unresolved;1;15531547
e;Unresolved;1;15531757
e;Unresolved;1;15567795
e;Unresolved;1;15498234
e;Unresolved;1;15584487
e;Unresolved;1;15507174
e;Unresolved;1;15550056
e;Unresolved;1;15599223
e;Unresolved;1;15615706
e;Unresolved;1;15534341
e;Unresolved;1;15609630
e;Unresolved;1;15620456
e;Unresolved;1;15551872
e;Unresolved;1;15616126
e;Unresolved;1;15577154
e;Unresolved;1;15613681
e;Unresolved;1;15621713
e;Unresolved;1;15631630
e;Unresolved;1;15611726
e;Unresolved;1;15623737
e;Unresolved;1;15582392
e;Unresolved;1;15570728
e;Unresolved;1;15609072
e;Unresolved;1;15549636
e;Unresolved;1;15490691
e;Unresolved;1;15605719
e;Unresolved;1;15624366
e;Unresolved;1;15565001
e;Unresolved;1;15628207
e;Unresolved;1;15612843
e;Unresolved;1;16796925
e;Unresolved;1;16763330
e;Unresolved;1;16852797
e;Unresolved;1;16833520
e;Unresolved;1;16852238
e;Unresolved;1;16892955
e;Unresolved;1;16956720
e;Unresolved;1;17045278
e;Unresolved;1;15552084
e;Unresolved;1;15627859
e;Unresolved;1;15514018
e;Unresolved;1;15588888
e;Unresolved;1;15562208
e;Unresolved;1;16195177
e;Unresolved;1;16310904
e;Unresolved;1;16207609
e;Unresolved;1;16201673
e;Unresolved;1;16335767
e;Unresolved;1;15557809
e;Unresolved;1;16291977
e;Unresolved;1;15611935
e;Unresolved;1;16230097
e;Unresolved;1;16178065
e;Unresolved;1;15585604
e;Unresolved;1;16229189
e;Unresolved;1;16230167
e;Unresolved;1;15605020
e;Unresolved;1;15637846
e;Unresolved;1;16200066
e;Unresolved;1;16230726
e;Unresolved;1;16195317
e;Unresolved;1;15607535
e;Unresolved;1;16207121
e;Unresolved;1;16187355
e;Unresolved;1;16218993
e;Unresolved;1;16243018
e;Unresolved;1;16202790
e;Unresolved;1;16332484
e;Unresolved;1;16317259
e;Unresolved;1;15462197
e;Unresolved;1;16273328
e;Unresolved;1;16254123
e;Unresolved;1;15521072
e;Unresolved;1;16202787
e;Unresolved;1;16197758
e;Unresolved;1;16198321
e;Unresolved;1;16185749
e;Unresolved;1;16210124
e;Unresolved;1;16293164
e;Unresolved;1;16305037
e;Unresolved;1;15505080
e;Unresolved;1;16260688
e;Unresolved;1;16286389
e;Unresolved;1;16289394
e;Unresolved;1;16287228
e;Unresolved;1;15632748
e;Unresolved;1;15606347
e;Unresolved;1;16233799
e;Unresolved;1;16208167
e;Unresolved;1;16183511
e;Unresolved;1;16208656
e;Unresolved;1;16318167
e;Unresolved;1;16345893
e;Unresolved;1;16211660
e;Unresolved;1;16305735
e;Unresolved;1;16274447
e;Unresolved;1;15454305
e;Unresolved;1;15594475
e;Unresolved;1;16188333
e;Unresolved;1;16221577
e;Unresolved;1;16207190
e;Unresolved;1;16282478
e;Unresolved;1;16248396
e;Unresolved;1;16290929
e;Unresolved;1;15584418
e;Unresolved;1;16177576
e;Unresolved;1;15622342
e;Unresolved;1;16178136
e;Unresolved;1;16330599
e;Unresolved;1;16193012
e;Unresolved;1;16267602
e;Unresolved;1;15439218
e;Unresolved;1;15583579
e;Unresolved;1;16227583
e;Unresolved;1;16312509
e;Unresolved;1;16187703
e;Unresolved;1;16275494
e;Unresolved;1;16260128
e;Unresolved;1;16177786
e;Unresolved;1;15559903
e;Unresolved;1;16179390
e;Unresolved;1;16244762
e;Unresolved;1;16200066
e;Unresolved;1;16196714
e;Unresolved;1;16259850
e;Unresolved;1;16196854
e;Unresolved;1;16285272
e;Unresolved;1;16198879
e;Unresolved;1;16268580
e;Unresolved;1;16298053
e;Unresolved;1;16299030
e;Unresolved;1;16339119
e;Unresolved;1;16400300
e;Unresolved;1;16361748
e;Unresolved;1;16327875
e;Unresolved;1;16474889
e;Unresolved;1;16471677
e;Unresolved;1;15447181
e;Unresolved;1;15404858
e;Unresolved;1;16224650
e;Unresolved;1;16199437
e;Unresolved;1;16308948
e;Unresolved;1;16302943
e;Unresolved;1;16192451
e;Unresolved;1;16272209
e;Unresolved;1;16267949
e;Unresolved;1;16248323
e;Unresolved;1;16288482
e;Unresolved;1;16253003
e;Unresolved;1;16282894
e;Unresolved;1;16315301
e;Unresolved;1;16410564
e;Unresolved;1;16534391
e;Unresolved;1;16294491
e;Unresolved;1;16259919
e;Unresolved;1;16189101
e;Unresolved;1;16306853
e;Unresolved;1;16413430
e;Unresolved;1;15447042
e;Unresolved;1;16211800
e;Unresolved;1;16343449
e;Unresolved;1;16320541
e;Unresolved;1;16244135
e;Unresolved;1;16217454
e;Unresolved;1;16206349
e;Unresolved;1;16269907
e;Unresolved;1;16208307
e;Unresolved;1;16192035
e;Unresolved;1;16271304
e;Unresolved;1;16371176
e;Unresolved;1;16382280
e;Unresolved;1;15525471
e;Unresolved;1;15532456
e;Unresolved;1;16187771
e;Unresolved;1;16209910
e;Unresolved;1;16199787
e;Unresolved;1;16233380
e;Unresolved;1;16302802
e;Unresolved;1;16311322
e;Unresolved;1;16209492
e;Unresolved;1;16196505
e;Unresolved;1;16287718
e;Unresolved;1;16223952
e;Unresolved;1;16276332
e;Unresolved;1;15622761
e;Unresolved;1;16229676
e;Unresolved;1;16221298
e;Unresolved;1;16258662
e;Unresolved;1;16250980
e;Unresolved;1;16178202
e;Unresolved;1;16231282
e;Unresolved;1;16265852
e;Unresolved;1;16374526
e;Unresolved;1;16322355
e;Unresolved;1;16410565
e;Unresolved;1;16417339
e;Unresolved;1;16450653
e;Unresolved;1;16392055
e;Unresolved;1;16491021
e;Unresolved;1;16605490
e;Unresolved;1;16203769
e;Unresolved;1;16190778
e;Unresolved;1;16244766
e;Unresolved;1;16304270
e;Unresolved;1;16230867
e;Unresolved;1;16366149
e;Unresolved;1;16248048
e;Unresolved;1;15583370
e;Unresolved;1;15590074
e;Unresolved;1;15567725
e;Unresolved;1;16201462
e;Unresolved;1;16213546
e;Unresolved;1;16337862
e;Unresolved;1;16304688
e;Unresolved;1;15593637
e;Unresolved;1;15621154
e;Unresolved;1;16208727
e;Unresolved;1;16269837
e;Unresolved;1;16380116
e;Unresolved;1;16270256
e;Unresolved;1;16287716
e;Unresolved;1;15581275
e;Unresolved;1;15601389
e;Unresolved;1;16228142
e;Unresolved;1;16279265
e;Unresolved;1;15595103
e;Unresolved;1;16206140
e;Unresolved;1;16231704
e;Unresolved;1;16241690
e;Unresolved;1;16347569
e;Unresolved;1;16349455
e;Unresolved;1;16289183
e;Unresolved;1;16305385
e;Unresolved;1;15599084
e;Unresolved;1;15543490
e;Unresolved;1;15578063
e;Unresolved;1;16202510
e;Unresolved;1;16236103
e;Unresolved;1;16198809
e;Unresolved;1;16289183
e;Unresolved;1;16237011
e;Unresolved;1;16182744
e;Unresolved;1;16195455
e;Unresolved;1;16189100
e;Unresolved;1;16249514
e;Unresolved;1;16206980
e;Unresolved;1;16355042
e;Unresolved;1;16372503
e;Unresolved;1;15589515
e;Unresolved;1;15621363
e;Unresolved;1;16237220
e;Unresolved;1;16202928
e;Unresolved;1;16292813
e;Unresolved;1;16413499
e;Unresolved;1;16483968
e;Unresolved;1;16521333
e;Unresolved;1;16777160
e;Unresolved;1;16788824
e;Unresolved;1;16790640
e;Unresolved;1;16803142
e;Unresolved;1;17004842
e;Unresolved;1;16912582
e;Unresolved;1;16973203
e;Unresolved;1;17038016
e;Unresolved;1;17140821
e;Unresolved;1;17061832
e;Unresolved;1;17133697
e;Unresolved;1;17046117
e;Unresolved;1;17262274
e;Unresolved;1;16191125
e;Unresolved;1;16236382
e;Unresolved;1;16219689
e;Unresolved;1;16187423
e;Unresolved;1;16300565
e;Unresolved;1;16240015
e;Unresolved;1;16220041
e;Unresolved;1;16190917
e;Unresolved;1;16220948
e;Unresolved;1;16250701
e;Unresolved;1;16384655
e;Unresolved;1;16439899
e;Unresolved;1;15582392
e;Unresolved;1;16179810
e;Unresolved;1;16248394
e;Unresolved;1;16179882
e;Unresolved;1;16201323
e;Unresolved;1;16226815
e;Unresolved;1;16281919
e;Unresolved;1;16341214
e;Unresolved;1;16272072
e;Unresolved;1;16199437
e;Unresolved;1;16259988
e;Unresolved;1;16231984
e;Unresolved;1;16214593
e;Unresolved;1;16246161
e;Unresolved;1;16237292
e;Unresolved;1;16379767
e;Unresolved;1;16420134
e;Unresolved;1;16334579
e;Unresolved;1;16192381
e;Unresolved;1;16191125
e;Unresolved;1;16194408
e;Unresolved;1;16299797
e;Unresolved;1;16405886
e;Unresolved;1;16319144
e;Unresolved;1;16188401
e;Unresolved;1;16324520
e;Unresolved;1;16318375
e;Unresolved;1;16301404
e;Unresolved;1;16199367
e;Unresolved;1;16316070
e;Unresolved;1;16189938
e;Unresolved;1;16315093
e;Unresolved;1;16234217
e;Unresolved;1;16287367
e;Unresolved;1;16320960
e;Unresolved;1;16303500
e;Unresolved;1;16452470
e;Unresolved;1;16529854
e;Unresolved;1;16234704
e;Unresolved;1;16221018
e;Unresolved;1;16198249
e;Unresolved;1;16311810
e;Unresolved;1;16183721
e;Unresolved;1;16258591
e;Unresolved;1;16186516
e;Unresolved;1;16228629
e;Unresolved;1;16326965
e;Unresolved;1;16243436
e;Unresolved;1;16281080
e;Unresolved;1;16286318
e;Unresolved;1;16303219
e;Unresolved;1;16402602
e;Unresolved;1;16504291
e;Unresolved;1;16182884
e;Unresolved;1;16275142
e;Unresolved;1;16178066
e;Unresolved;1;16227093
e;Unresolved;1;16198389
e;Unresolved;1;16360000
e;Unresolved;1;16253354
e;Unresolved;1;16251119
e;Unresolved;1;16258103
e;Unresolved;1;16204046
e;Unresolved;1;16238897
e;Unresolved;1;16338140
e;Unresolved;1;16201742
e;Unresolved;1;16249932
e;Unresolved;1;16307271
e;Unresolved;1;16310414
e;Unresolved;1;16424254
e;Unresolved;1;16362236
e;Unresolved;1;16510508
e;Unresolved;1;16205372
e;Unresolved;1;16279194
e;Unresolved;1;16194128
e;Unresolved;1;16221855
e;Unresolved;1;16222972
e;Unresolved;1;16264598
e;Unresolved;1;16264109
e;Unresolved;1;16243575
e;Unresolved;1;16312439
e;Unresolved;1;16459733
e;Unresolved;1;16239942
e;Unresolved;1;16349592
e;Unresolved;1;16182324
e;Unresolved;1;16224509
e;Unresolved;1;16209842
e;Unresolved;1;16222203
e;Unresolved;1;16195385
e;Unresolved;1;16301543
e;Unresolved;1;16394292
e;Unresolved;1;16261665
e;Unresolved;1;16297284
e;Unresolved;1;16254960
e;Unresolved;1;16314046
e;Unresolved;1;16273887
e;Unresolved;1;16387379
e;Unresolved;1;16337583
e;Unresolved;1;16498496
e;Unresolved;1;16217873
e;Unresolved;1;16260826
e;Unresolved;1;16184140
e;Unresolved;1;16288204
