u;Unresolved;1;285247435
u;Unresolved;1;285509205
u;Unresolved;1;285542730
u;Unresolved;1;285432727
u;Unresolved;1;285497401
u;Unresolved;1;286707350
u;Unresolved;1;286887893
u;Unresolved;1;286976313
u;Unresolved;1;286933569
u;Unresolved;1;287170125
u;Unresolved;1;287087642
u;Unresolved;1;287243251
u;Unresolved;1;286064311
u;Unresolved;1;286328315
u;Unresolved;1;286200225
u;Unresolved;1;286320004
u;Unresolved;1;286361770
u;Unresolved;1;286554185
u;Unresolved;1;287992240
u;Unresolved;1;285129820
u;Unresolved;1;285304566
u;Unresolved;1;285388238
u;Unresolved;1;285484760
u;Unresolved;1;285625841
u;Unresolved;1;285636387
u;Unresolved;1;285284243
u;Unresolved;1;285484271
u;Unresolved;1;285472328
u;Unresolved;1;285440620
u;Unresolved;1;285644628
u;Unresolved;1;285921553
u;Unresolved;1;285848219
u;Unresolved;1;286601329
u;Unresolved;1;286943766
u;Unresolved;1;287389570
u;Unresolved;1;287386078
u;Unresolved;1;288366595
u;Unresolved;1;285274884
u;Unresolved;1;285301144
u;Unresolved;1;285665652
u;Unresolved;1;285218800
u;Unresolved;1;285288643
u;Unresolved;1;287726839
u;Unresolved;1;287733055
u;Unresolved;1;287818890
u;Unresolved;1;288375815
u;Unresolved;1;288460743
u;Unresolved;1;288383638
u;Unresolved;1;285791927
u;Unresolved;1;285891242
u;Unresolved;1;285996006
u;Unresolved;1;286314767
u;Unresolved;1;286507183
u;Unresolved;1;286695827
u;Unresolved;1;286691636
u;Unresolved;1;286678506
u;Unresolved;1;285254559
u;Unresolved;1;285672986
u;Unresolved;1;285795419
u;Unresolved;1;285912545
u;Unresolved;1;285902068
u;Unresolved;1;285978267
u;Unresolved;1;285952076
u;Unresolved;1;286101748
u;Unresolved;1;286608663
u;Unresolved;1;286808273
u;Unresolved;1;286773980
u;Unresolved;1;285658177
u;Unresolved;1;285605377
u;Unresolved;1;285895222
u;Unresolved;1;286196872
u;Unresolved;1;286275515
u;Unresolved;1;286052438
u;Unresolved;1;285708954
u;Unresolved;1;286141907
u;Unresolved;1;286172637
u;Unresolved;1;286911290
u;Unresolved;1;286774609
u;Unresolved;1;286926795
u;Unresolved;1;285546431
u;Unresolved;1;285771394
u;Unresolved;1;285894455
u;Unresolved;1;286382165
u;Unresolved;1;286463112
u;Unresolved;1;287562291
u;Unresolved;1;285643022
u;Unresolved;1;285657689
u;Unresolved;1;285836625
u;Unresolved;1;285696801
u;Unresolved;1;285127795
u;Unresolved;1;286363376
u;Unresolved;1;286828456
u;Unresolved;1;286933918
u;Unresolved;1;287522621
u;Unresolved;1;287638280
u;Unresolved;1;287664051
u;Unresolved;1;286078281
u;Unresolved;1;286197223
u;Unresolved;1;286598257
u;Unresolved;1;286823639
u;Unresolved;1;286679554
u;Unresolved;1;286901164
u;Unresolved;1;286505087
u;Unresolved;1;286593646
u;Unresolved;1;287228234
u;Unresolved;1;287788998
u;Unresolved;1;288105803
u;Unresolved;1;288177183
u;Unresolved;1;288372252
u;Unresolved;1;288374557
u;Unresolved;1;285152939
u;Unresolved;1;286375391
u;Unresolved;1;286224392
u;Unresolved;1;286645890
u;Unresolved;1;286480014
u;Unresolved;1;287427077
u;Unresolved;1;287294167
u;Unresolved;1;287416322
u;Unresolved;1;287505021
u;Unresolved;1;285158247
u;Unresolved;1;285523732
u;Unresolved;1;285827337
u;Unresolved;1;287147708
u;Unresolved;1;287252611
u;Unresolved;1;288163006
u;Unresolved;1;288547000
u;Unresolved;1;288869601
u;Unresolved;1;289109230
u;Unresolved;1;288965704
u;Unresolved;1;289077522
u;Unresolved;1;285583726
u;Unresolved;1;287120957
u;Unresolved;1;288266792
u;Unresolved;1;288776152
u;Unresolved;1;289310936
u;Unresolved;1;289461027
u;Unresolved;1;289529403
u;Unresolved;1;289569422
u;Unresolved;1;289469966
u;Unresolved;1;289738929
u;Unresolved;1;285292623
u;Unresolved;1;286725440
u;Unresolved;1;286834953
u;Unresolved;1;287088272
u;Unresolved;1;287348435
u;Unresolved;1;288104129
u;Unresolved;1;288283415
u;Unresolved;1;288412413
u;Unresolved;1;288389155
u;Unresolved;1;286199528
u;Unresolved;1;286626544
u;Unresolved;1;286669567
u;Unresolved;1;288733060
u;Unresolved;1;289213296
u;Unresolved;1;289360523
u;Unresolved;1;289843623
u;Unresolved;1;289859128
u;Unresolved;1;289791241
u;Unresolved;1;285461363
u;Unresolved;1;286607476
u;Unresolved;1;287763786
u;Unresolved;1;288555730
u;Unresolved;1;288749263
u;Unresolved;1;288740323
u;Unresolved;1;288736692
u;Unresolved;1;288950899
u;Unresolved;1;289005934
u;Unresolved;1;289139333
u;Unresolved;1;286382305
u;Unresolved;1;287419534
u;Unresolved;1;288726564
u;Unresolved;1;289552660
u;Unresolved;1;289681379
u;Unresolved;1;289723774
u;Unresolved;1;289871350
u;Unresolved;1;289853051
u;Unresolved;1;289923174
u;Unresolved;1;289927294
u;Unresolved;1;286448306
u;Unresolved;1;286496916
u;Unresolved;1;287492729
u;Unresolved;1;288952505
u;Unresolved;1;289123410
u;Unresolved;1;289583391
u;Unresolved;1;290133400
u;Unresolved;1;290628722
u;Unresolved;1;290761911
u;Unresolved;1;290967876
u;Unresolved;1;290901317
u;Unresolved;1;285304777
u;Unresolved;1;285250510
u;Unresolved;1;285280542
u;Unresolved;1;286167611
u;Unresolved;1;286941254
u;Unresolved;1;288321969
u;Unresolved;1;288626901
u;Unresolved;1;289106787
u;Unresolved;1;289578852
u;Unresolved;1;290018858
u;Unresolved;1;290188157
u;Unresolved;1;290121388
u;Unresolved;1;290236767
u;Unresolved;1;285268458
u;Unresolved;1;285276979
u;Unresolved;1;285649518
u;Unresolved;1;286364774
u;Unresolved;1;287776988
u;Unresolved;1;287938604
u;Unresolved;1;289134166
u;Unresolved;1;289150859
u;Unresolved;1;289925410
u;Unresolved;1;289655050
u;Unresolved;1;289772316
u;Unresolved;1;289648346
u;Unresolved;1;285162786
u;Unresolved;1;286058794
u;Unresolved;1;286371059
u;Unresolved;1;287804364
u;Unresolved;1;287980925
u;Unresolved;1;289017666
u;Unresolved;1;289569072
u;Unresolved;1;289743050
u;Unresolved;1;290380153
u;Unresolved;1;290295853
u;Unresolved;1;290409626
u;Unresolved;1;287602381
u;Unresolved;1;288959558
u;Unresolved;1;289403617
u;Unresolved;1;289896565
u;Unresolved;1;289972693
u;Unresolved;1;291089193
u;Unresolved;1;291080672
u;Unresolved;1;291576693
u;Unresolved;1;291873313
u;Unresolved;1;291907885
u;Unresolved;1;291744175
u;Unresolved;1;285302960
u;Unresolved;1;286933500
u;Unresolved;1;287608389
u;Unresolved;1;288320083
u;Unresolved;1;289854031
u;Unresolved;1;289891536
u;Unresolved;1;290642831
u;Unresolved;1;291147022
u;Unresolved;1;291688021
u;Unresolved;1;291923250
u;Unresolved;1;291814436
u;Unresolved;1;291883440
u;Unresolved;1;287587226
u;Unresolved;1;287896488
u;Unresolved;1;288848718
u;Unresolved;1;289085973
u;Unresolved;1;289965428
u;Unresolved;1;290391676
u;Unresolved;1;290545399
u;Unresolved;1;290990785
u;Unresolved;1;291199404
u;Unresolved;1;291156940
u;Unresolved;1;285189394
u;Unresolved;1;286307642
u;Unresolved;1;287522411
u;Unresolved;1;287737525
u;Unresolved;1;288828255
u;Unresolved;1;288939094
u;Unresolved;1;289314218
u;Unresolved;1;289548399
u;Unresolved;1;289388740
u;Unresolved;1;291486944
u;Unresolved;1;285809179
u;Unresolved;1;287801502
u;Unresolved;1;288575285
u;Unresolved;1;288845017
u;Unresolved;1;289678097
u;Unresolved;1;289858080
u;Unresolved;1;290550359
u;Unresolved;1;290839576
u;Unresolved;1;290895310
u;Unresolved;1;291042468
u;Unresolved;1;285333762
u;Unresolved;1;285422951
u;Unresolved;1;285452633
u;Unresolved;1;285962204
u;Unresolved;1;286882098
u;Unresolved;1;289585418
u;Unresolved;1;289971786
u;Unresolved;1;290044841
u;Unresolved;1;291276022
u;Unresolved;1;291412355
u;Unresolved;1;291556229
u;Unresolved;1;291794602
u;Unresolved;1;291823168
u;Unresolved;1;291704924
u;Unresolved;1;285244155
u;Unresolved;1;286948169
u;Unresolved;1;288019482
u;Unresolved;1;289424851
u;Unresolved;1;289695699
u;Unresolved;1;291474375
u;Unresolved;1;291389935
u;Unresolved;1;291589125
u;Unresolved;1;292349499
u;Unresolved;1;292316254
u;Unresolved;1;292260939
u;Unresolved;1;285518284
u;Unresolved;1;286217268
u;Unresolved;1;287915556
u;Unresolved;1;289485613
u;Unresolved;1;291115874
u;Unresolved;1;291092406
u;Unresolved;1;291630611
u;Unresolved;1;292406630
u;Unresolved;1;292753188
u;Unresolved;1;292904048
u;Unresolved;1;293031021
u;Unresolved;1;292890848
u;Unresolved;1;287279570
u;Unresolved;1;287442653
u;Unresolved;1;289001047
u;Unresolved;1;289291941
u;Unresolved;1;290929743
u;Unresolved;1;290966970
u;Unresolved;1;292252209
u;Unresolved;1;292603656
u;Unresolved;1;292829456
u;Unresolved;1;293577747
u;Unresolved;1;293499524
u;Unresolved;1;293586687
u;Unresolved;1;285608240
u;Unresolved;1;286208745
u;Unresolved;1;287310720
u;Unresolved;1;288816034
u;Unresolved;1;290323790
u;Unresolved;1;290286774
u;Unresolved;1;291010341
u;Unresolved;1;291626979
u;Unresolved;1;292105888
u;Unresolved;1;292262824
u;Unresolved;1;292385398
u;Unresolved;1;292345517
u;Unresolved;1;286699179
u;Unresolved;1;287702536
u;Unresolved;1;288602386
u;Unresolved;1;290291175
u;Unresolved;1;290212602
u;Unresolved;1;290771062
u;Unresolved;1;291457473
u;Unresolved;1;291617901
u;Unresolved;1;292292718
u;Unresolved;1;292137039
u;Unresolved;1;292277841
u;Unresolved;1;286059704
u;Unresolved;1;286665377
u;Unresolved;1;286821615
u;Unresolved;1;287077377
u;Unresolved;1;287098120
u;Unresolved;1;287042247
u;Unresolved;1;288965496
u;Unresolved;1;289329096
u;Unresolved;1;291017396
u;Unresolved;1;290933445
u;Unresolved;1;292414734
u;Unresolved;1;292568666
u;Unresolved;1;292558189
u;Unresolved;1;293176016
u;Unresolved;1;293153387
u;Unresolved;1;293208911
u;Unresolved;1;285453681
u;Unresolved;1;286811766
u;Unresolved;1;287089250
u;Unresolved;1;288239972
u;Unresolved;1;289942380
u;Unresolved;1;289929669
u;Unresolved;1;291121670
u;Unresolved;1;291317997
u;Unresolved;1;291601208
u;Unresolved;1;292249625
u;Unresolved;1;292175522
u;Unresolved;1;292218894
u;Unresolved;1;285150913
u;Unresolved;1;285396060
u;Unresolved;1;285414150
u;Unresolved;1;285631987
u;Unresolved;1;286936713
u;Unresolved;1;287904379
u;Unresolved;1;288661260
u;Unresolved;1;289307164
u;Unresolved;1;289202889
u;Unresolved;1;290999446
u;Unresolved;1;290961941
u;Unresolved;1;291098762
u;Unresolved;1;291747877
u;Unresolved;1;291731324
u;Unresolved;1;291665044
u;Unresolved;1;285160064
u;Unresolved;1;285702669
u;Unresolved;1;286316514
u;Unresolved;1;287826855
u;Unresolved;1;290086467
u;Unresolved;1;290922690
u;Unresolved;1;291673566
u;Unresolved;1;291588358
u;Unresolved;1;292127053
u;Unresolved;1;292783292
u;Unresolved;1;293332671
u;Unresolved;1;293313465
u;Unresolved;1;293560497
u;Unresolved;1;293551278
u;Unresolved;1;285225086
u;Unresolved;1;287406125
u;Unresolved;1;288763722
u;Unresolved;1;289444057
u;Unresolved;1;290812478
u;Unresolved;1;290733207
u;Unresolved;1;290952373
u;Unresolved;1;291634383
u;Unresolved;1;292286572
u;Unresolved;1;292490092
u;Unresolved;1;292488974
u;Unresolved;1;292611618
u;Unresolved;1;286864986
u;Unresolved;1;287622148
u;Unresolved;1;289112444
u;Unresolved;1;289508800
u;Unresolved;1;290401038
u;Unresolved;1;290365698
u;Unresolved;1;290578786
u;Unresolved;1;291156732
u;Unresolved;1;291354107
u;Unresolved;1;291219590
u;Unresolved;1;291420876
u;Unresolved;1;287435527
u;Unresolved;1;289416049
u;Unresolved;1;290330286
u;Unresolved;1;291127747
u;Unresolved;1;291029479
u;Unresolved;1;291491766
u;Unresolved;1;292390777
u;Unresolved;1;292838955
u;Unresolved;1;293126216
u;Unresolved;1;293060704
u;Unresolved;1;292987020
u;Unresolved;1;286793957
u;Unresolved;1;288549374
u;Unresolved;1;289453414
u;Unresolved;1;289676071
u;Unresolved;1;289590794
u;Unresolved;1;290634518
u;Unresolved;1;291212325
u;Unresolved;1;291469135
u;Unresolved;1;291969068
u;Unresolved;1;292200386
u;Unresolved;1;292188164
u;Unresolved;1;288553355
u;Unresolved;1;289514317
u;Unresolved;1;290131165
u;Unresolved;1;290648138
u;Unresolved;1;291135779
u;Unresolved;1;291154078
u;Unresolved;1;291711140
u;Unresolved;1;291866819
u;Unresolved;1;291735934
u;Unresolved;1;292002523
u;Unresolved;1;292010205
u;Unresolved;1;285498589
u;Unresolved;1;287226140
u;Unresolved;1;290339297
u;Unresolved;1;291767503
u;Unresolved;1;291651774
u;Unresolved;1;291978916
u;Unresolved;1;292489743
u;Unresolved;1;293021522
u;Unresolved;1;293344962
u;Unresolved;1;293987303
u;Unresolved;1;293900000
u;Unresolved;1;294050790
u;Unresolved;1;287031421
u;Unresolved;1;287222021
u;Unresolved;1;287408500
u;Unresolved;1;287859053
u;Unresolved;1;289576617
u;Unresolved;1;289913466
u;Unresolved;1;290303606
u;Unresolved;1;291185156
u;Unresolved;1;291383858
u;Unresolved;1;292698433
u;Unresolved;1;293079283
u;Unresolved;1;293286366
u;Unresolved;1;293929546
u;Unresolved;1;293770584
u;Unresolved;1;293928637
u;Unresolved;1;285770137
u;Unresolved;1;287985327
u;Unresolved;1;290524727
u;Unresolved;1;290662597
u;Unresolved;1;291694797
u;Unresolved;1;291916686
u;Unresolved;1;292442390
u;Unresolved;1;293624053
u;Unresolved;1;293650243
u;Unresolved;1;293868082
u;Unresolved;1;293964255
u;Unresolved;1;294024109
u;Unresolved;1;288732851
u;Unresolved;1;288768401
u;Unresolved;1;289058945
u;Unresolved;1;289594567
u;Unresolved;1;289683545
u;Unresolved;1;291297605
u;Unresolved;1;291874083
u;Unresolved;1;292060981
u;Unresolved;1;292656808
u;Unresolved;1;292680135
u;Unresolved;1;292800125
u;Unresolved;1;285827546
u;Unresolved;1;289673978
u;Unresolved;1;290544284
u;Unresolved;1;290558321
u;Unresolved;1;290498606
u;Unresolved;1;291814436
u;Unresolved;1;292402369
u;Unresolved;1;292591014
u;Unresolved;1;293310949
u;Unresolved;1;293245367
u;Unresolved;1;293225182
u;Unresolved;1;285258751
u;Unresolved;1;288807094
u;Unresolved;1;292157085
u;Unresolved;1;292547084
u;Unresolved;1;292684323
u;Unresolved;1;293578167
u;Unresolved;1;293994219
u;Unresolved;1;294404892
u;Unresolved;1;294397347
u;Unresolved;1;294381493
u;Unresolved;1;294639491
u;Unresolved;1;294857470
u;Unresolved;1;289467453
u;Unresolved;1;289711691
u;Unresolved;1;290919335
u;Unresolved;1;291190185
u;Unresolved;1;291385324
u;Unresolved;1;291989042
u;Unresolved;1;292699618
u;Unresolved;1;292763804
u;Unresolved;1;293698296
u;Unresolved;1;293674061
u;Unresolved;1;293727419
u;Unresolved;1;285157899
u;Unresolved;1;287343757
u;Unresolved;1;289087232
u;Unresolved;1;289980446
u;Unresolved;1;291690397
u;Unresolved;1;291820513
u;Unresolved;1;291719870
u;Unresolved;1;291730067
u;Unresolved;1;292712401
u;Unresolved;1;293165260
u;Unresolved;1;293085081
u;Unresolved;1;294692853
u;Unresolved;1;285601328
u;Unresolved;1;287032258
u;Unresolved;1;287116977
u;Unresolved;1;287300244
u;Unresolved;1;291065378
u;Unresolved;1;292036328
u;Unresolved;1;292784199
u;Unresolved;1;293076769
u;Unresolved;1;293381002
u;Unresolved;1;294011120
u;Unresolved;1;294126570
u;Unresolved;1;294684122
u;Unresolved;1;294804041
u;Unresolved;1;294798384
u;Unresolved;1;294748725
u;Unresolved;1;285158875
u;Unresolved;1;285507040
u;Unresolved;1;287200091
u;Unresolved;1;292886028
u;Unresolved;1;293051555
u;Unresolved;1;294167846
u;Unresolved;1;294450848
u;Unresolved;1;294659048
u;Unresolved;1;294976342
u;Unresolved;1;295712900
u;Unresolved;1;296086558
u;Unresolved;1;296300555
u;Unresolved;1;296319622
u;Unresolved;1;296490806
u;Unresolved;1;286255680
u;Unresolved;1;286612435
u;Unresolved;1;287099725
u;Unresolved;1;290816599
u;Unresolved;1;291686485
u;Unresolved;1;292200247
u;Unresolved;1;293100375
u;Unresolved;1;293930521
u;Unresolved;1;294742928
u;Unresolved;1;294958391
u;Unresolved;1;295782322
u;Unresolved;1;296125317
u;Unresolved;1;296120708
u;Unresolved;1;296099755
u;Unresolved;1;286990074
u;Unresolved;1;287541829
u;Unresolved;1;288311979
u;Unresolved;1;288460674
u;Unresolved;1;288707707
u;Unresolved;1;290587306
u;Unresolved;1;292012232
u;Unresolved;1;292149681
u;Unresolved;1;292350617
u;Unresolved;1;292847336
u;Unresolved;1;293823453
u;Unresolved;1;293904261
u;Unresolved;1;294124195
u;Unresolved;1;294876956
u;Unresolved;1;294945122
u;Unresolved;1;294768839
u;Unresolved;1;285911848
u;Unresolved;1;286126125
u;Unresolved;1;287425751
u;Unresolved;1;287607132
u;Unresolved;1;287953061
u;Unresolved;1;290589402
u;Unresolved;1;291393358
u;Unresolved;1;292589759
u;Unresolved;1;292603588
u;Unresolved;1;292884983
u;Unresolved;1;293425283
u;Unresolved;1;293865640
u;Unresolved;1;293975431
u;Unresolved;1;294658280
u;Unresolved;1;294859217
u;Unresolved;1;294893440
u;Unresolved;1;286895090
u;Unresolved;1;286847318
u;Unresolved;1;287295846
u;Unresolved;1;287551608
u;Unresolved;1;287634581
u;Unresolved;1;291437707
u;Unresolved;1;292372479
u;Unresolved;1;293183420
u;Unresolved;1;294378423
u;Unresolved;1;294626922
u;Unresolved;1;294481790
u;Unresolved;1;294616586
u;Unresolved;1;295548353
u;Unresolved;1;295720235
u;Unresolved;1;295899869
u;Unresolved;1;295995484
u;Unresolved;1;285490908
u;Unresolved;1;286136881
u;Unresolved;1;286190938
u;Unresolved;1;290638990
u;Unresolved;1;291699967
u;Unresolved;1;293224486
u;Unresolved;1;293736990
u;Unresolved;1;294515523
u;Unresolved;1;294581524
u;Unresolved;1;294750612
u;Unresolved;1;294969428
u;Unresolved;1;295003930
u;Unresolved;1;295304881
u;Unresolved;1;295327231
u;Unresolved;1;285519264
u;Unresolved;1;290099388
u;Unresolved;1;290512646
u;Unresolved;1;291822539
u;Unresolved;1;291804940
u;Unresolved;1;292260870
u;Unresolved;1;292580400
u;Unresolved;1;293142700
u;Unresolved;1;293662467
u;Unresolved;1;293911106
u;Unresolved;1;293801802
u;Unresolved;1;293819402
u;Unresolved;1;285632198
u;Unresolved;1;285617183
u;Unresolved;1;286481202
u;Unresolved;1;286484484
u;Unresolved;1;292373176
u;Unresolved;1;292596323
u;Unresolved;1;294130341
u;Unresolved;1;294051978
u;Unresolved;1;295457766
u;Unresolved;1;295892396
u;Unresolved;1;296075872
u;Unresolved;1;295943591
u;Unresolved;1;296313266
u;Unresolved;1;296212274
u;Unresolved;1;296472437
u;Unresolved;1;286489305
u;Unresolved;1;287127105
u;Unresolved;1;287669292
u;Unresolved;1;288706520
u;Unresolved;1;291775885
u;Unresolved;1;294601078
u;Unresolved;1;295009446
u;Unresolved;1;295247400
u;Unresolved;1;296988291
u;Unresolved;1;297101226
u;Unresolved;1;297070706
u;Unresolved;1;297207806
u;Unresolved;1;297385696
u;Unresolved;1;297417474
u;Unresolved;1;297457773
u;Unresolved;1;285619975
u;Unresolved;1;286172289
u;Unresolved;1;287681863
u;Unresolved;1;287780830
u;Unresolved;1;287872463
u;Unresolved;1;292686838
u;Unresolved;1;293898326
u;Unresolved;1;294233011
u;Unresolved;1;295088719
u;Unresolved;1;295265630
u;Unresolved;1;296061763
u;Unresolved;1;296404969
u;Unresolved;1;296657588
u;Unresolved;1;296859573
u;Unresolved;1;296891700
u;Unresolved;1;296863553
u;Unresolved;1;287649387
u;Unresolved;1;288106785
u;Unresolved;1;288622012
u;Unresolved;1;289032266
u;Unresolved;1;288971923
u;Unresolved;1;293608620
u;Unresolved;1;294584109
u;Unresolved;1;295578315
u;Unresolved;1;295669739
u;Unresolved;1;295589140
u;Unresolved;1;296701659
u;Unresolved;1;296930813
u;Unresolved;1;297046891
u;Unresolved;1;296899034
u;Unresolved;1;297164016
u;Unresolved;1;297339670
u;Unresolved;1;286950615
u;Unresolved;1;287528491
u;Unresolved;1;288820364
u;Unresolved;1;289287610
u;Unresolved;1;289469479
u;Unresolved;1;296181893
u;Unresolved;1;296369350
u;Unresolved;1;296279392
u;Unresolved;1;297979146
u;Unresolved;1;297853150
u;Unresolved;1;298039141
u;Unresolved;1;298206414
u;Unresolved;1;298348612
u;Unresolved;1;298472931
u;Unresolved;1;298435985
u;Unresolved;1;289687457
u;Unresolved;1;289860386
u;Unresolved;1;290182710
u;Unresolved;1;290184177
u;Unresolved;1;290356757
u;Unresolved;1;294561478
u;Unresolved;1;296084182
u;Unresolved;1;297835201
u;Unresolved;1;298132101
u;Unresolved;1;286528627
u;Unresolved;1;287353744
u;Unresolved;1;287869112
u;Unresolved;1;289258416
u;Unresolved;1;290286076
u;Unresolved;1;293679161
u;Unresolved;1;296911605
u;Unresolved;1;297457494
u;Unresolved;1;297849518
u;Unresolved;1;298151519
u;Unresolved;1;286908638
u;Unresolved;1;287154692
u;Unresolved;1;287956413
u;Unresolved;1;289178097
u;Unresolved;1;289542675
u;Unresolved;1;295610581
u;Unresolved;1;296431299
u;Unresolved;1;296728758
u;Unresolved;1;297599203
u;Unresolved;1;297649349
u;Unresolved;1;288711062
u;Unresolved;1;288873446
u;Unresolved;1;290498608
u;Unresolved;1;290891333
u;Unresolved;1;291492885
u;Unresolved;1;293498059
u;Unresolved;1;296448552
u;Unresolved;1;297212697
u;Unresolved;1;298016443
u;Unresolved;1;288425335
u;Unresolved;1;289767845
u;Unresolved;1;289780068
u;Unresolved;1;289935886
u;Unresolved;1;291259399
u;Unresolved;1;293868922
u;Unresolved;1;296455115
u;Unresolved;1;298166673
u;Unresolved;1;289068234
u;Unresolved;1;289810449
u;Unresolved;1;290071660
u;Unresolved;1;290558600
u;Unresolved;1;291664066
u;Unresolved;1;296721633
u;Unresolved;1;297612403
u;Unresolved;1;297669185
u;Unresolved;1;286892016
u;Unresolved;1;287312607
u;Unresolved;1;287437835
u;Unresolved;1;287477715
u;Unresolved;1;291722594
u;Unresolved;1;293781619
u;Unresolved;1;293890084
u;Unresolved;1;294754664
u;Unresolved;1;294764372
u;Unresolved;1;296546400
u;Unresolved;1;296628464
u;Unresolved;1;296760886
u;Unresolved;1;296639918
u;Unresolved;1;296768778
u;Unresolved;1;296699913
u;Unresolved;1;285819026
u;Unresolved;1;286334882
u;Unresolved;1;287566762
u;Unresolved;1;287738015
u;Unresolved;1;288364571
u;Unresolved;1;292742573
u;Unresolved;1;293408870
u;Unresolved;1;294492055
u;Unresolved;1;294594444
u;Unresolved;1;294945401
u;Unresolved;1;296184335
u;Unresolved;1;296262280
u;Unresolved;1;296738465
u;Unresolved;1;296801811
u;Unresolved;1;296919148
u;Unresolved;1;296792663
u;Unresolved;1;287180397
u;Unresolved;1;287647084
u;Unresolved;1;289417169
u;Unresolved;1;289459214
u;Unresolved;1;289398660
u;Unresolved;1;292421229
u;Unresolved;1;293848250
u;Unresolved;1;293979763
u;Unresolved;1;294137188
u;Unresolved;1;295446733
u;Unresolved;1;296342391
u;Unresolved;1;296298251
u;Unresolved;1;297274228
u;Unresolved;1;297545427
u;Unresolved;1;297624278
u;Unresolved;1;297624209
u;Unresolved;1;287034426
u;Unresolved;1;287125849
u;Unresolved;1;287196250
u;Unresolved;1;287351440
u;Unresolved;1;287331186
u;Unresolved;1;292137878
u;Unresolved;1;293793772
u;Unresolved;1;294420538
u;Unresolved;1;295808725
u;Unresolved;1;295762839
u;Unresolved;1;296652700
u;Unresolved;1;296785470
u;Unresolved;1;297519933
u;Unresolved;1;297713466
u;Unresolved;1;297956517
u;Unresolved;1;297941850
u;Unresolved;1;288030865
u;Unresolved;1;289604904
u;Unresolved;1;290958450
u;Unresolved;1;291468579
u;Unresolved;1;291431004
u;Unresolved;1;291567824
u;Unresolved;1;292447349
u;Unresolved;1;294552608
u;Unresolved;1;294727284
u;Unresolved;1;294823527
u;Unresolved;1;295167641
u;Unresolved;1;296634331
u;Unresolved;1;296749013
u;Unresolved;1;296859014
u;Unresolved;1;296908044
u;Unresolved;1;297135590
u;Unresolved;1;285433637
u;Unresolved;1;286742066
u;Unresolved;1;286896556
u;Unresolved;1;286915274
u;Unresolved;1;287329509
u;Unresolved;1;291557279
u;Unresolved;1;292192355
u;Unresolved;1;294246769
u;Unresolved;1;294793356
u;Unresolved;1;295675397
u;Unresolved;1;295865717
u;Unresolved;1;296156820
u;Unresolved;1;296212065
u;Unresolved;1;296266612
u;Unresolved;1;296394494
u;Unresolved;1;296422780
u;Unresolved;1;285703719
u;Unresolved;1;285861074
u;Unresolved;1;286629200
u;Unresolved;1;289482052
u;Unresolved;1;290145065
u;Unresolved;1;293118047
u;Unresolved;1;293363264
u;Unresolved;1;293936111
u;Unresolved;1;294845389
u;Unresolved;1;294942051
u;Unresolved;1;294912228
u;Unresolved;1;295054008
u;Unresolved;1;295203890
u;Unresolved;1;295215554
u;Unresolved;1;286829717
u;Unresolved;1;287421421
u;Unresolved;1;287630669
u;Unresolved;1;288043717
u;Unresolved;1;289876241
u;Unresolved;1;291809269
u;Unresolved;1;293267998
u;Unresolved;1;295632023
u;Unresolved;1;296429204
u;Unresolved;1;297133005
u;Unresolved;1;297806914
u;Unresolved;1;297781701
u;Unresolved;1;297862508
u;Unresolved;1;297998980
u;Unresolved;1;298113801
u;Unresolved;1;298291550
u;Unresolved;1;286814701
u;Unresolved;1;287610836
u;Unresolved;1;288129764
u;Unresolved;1;288618940
u;Unresolved;1;290921503
u;Unresolved;1;291546663
u;Unresolved;1;293338679
u;Unresolved;1;295524607
u;Unresolved;1;295636355
u;Unresolved;1;296678473
u;Unresolved;1;297416498
u;Unresolved;1;297588589
u;Unresolved;1;297677638
u;Unresolved;1;297853431
u;Unresolved;1;297870543
u;Unresolved;1;298013579
u;Unresolved;1;286151757
u;Unresolved;1;286505230
u;Unresolved;1;286852416
u;Unresolved;1;287008863
u;Unresolved;1;292355577
u;Unresolved;1;292713659
u;Unresolved;1;294434856
u;Unresolved;1;295300203
u;Unresolved;1;296029566
u;Unresolved;1;296270313
u;Unresolved;1;296634332
u;Unresolved;1;296796087
u;Unresolved;1;296856850
u;Unresolved;1;296987664
u;Unresolved;1;296958679
u;Unresolved;1;287508165
u;Unresolved;1;287534425
u;Unresolved;1;287772657
u;Unresolved;1;289239140
u;Unresolved;1;290426880
u;Unresolved;1;292410264
u;Unresolved;1;294092346
u;Unresolved;1;294765348
u;Unresolved;1;295982840
u;Unresolved;1;296079992
u;Unresolved;1;296218908
u;Unresolved;1;296350701
u;Unresolved;1;296302649
u;Unresolved;1;296434302
u;Unresolved;1;296668833
u;Unresolved;1;285381955
u;Unresolved;1;285467791
u;Unresolved;1;286036448
u;Unresolved;1;290074666
u;Unresolved;1;291021659
u;Unresolved;1;292811929
u;Unresolved;1;292857745
u;Unresolved;1;293821500
u;Unresolved;1;294467332
u;Unresolved;1;295244328
u;Unresolved;1;295398890
u;Unresolved;1;296184408
u;Unresolved;1;296570357
u;Unresolved;1;296448343
u;Unresolved;1;296674003
u;Unresolved;1;286076118
u;Unresolved;1;286085757
u;Unresolved;1;286779431
u;Unresolved;1;287791377
u;Unresolved;1;292193403
u;Unresolved;1;293666589
u;Unresolved;1;294854188
u;Unresolved;1;294930317
u;Unresolved;1;296123853
u;Unresolved;1;296657101
u;Unresolved;1;296790779
u;Unresolved;1;296815434
u;Unresolved;1;296891562
u;Unresolved;1;296890025
u;Unresolved;1;297100112
u;Unresolved;1;285540427
u;Unresolved;1;287081568
u;Unresolved;1;287354722
u;Unresolved;1;287739693
u;Unresolved;1;290845934
u;Unresolved;1;294017686
u;Unresolved;1;293979272
u;Unresolved;1;295307326
u;Unresolved;1;296083066
u;Unresolved;1;297456517
u;Unresolved;1;297525451
u;Unresolved;1;297584189
u;Unresolved;1;297714584
u;Unresolved;1;297723106
u;Unresolved;1;297711721
u;Unresolved;1;298080838
u;Unresolved;1;287247794
u;Unresolved;1;287657978
u;Unresolved;1;289361643
u;Unresolved;1;289540370
u;Unresolved;1;289699750
u;Unresolved;1;292882819
u;Unresolved;1;294579430
u;Unresolved;1;294801668
u;Unresolved;1;295254875
u;Unresolved;1;295866066
u;Unresolved;1;296006449
u;Unresolved;1;296512247
u;Unresolved;1;297103951
u;Unresolved;1;297360902
u;Unresolved;1;297250690
u;Unresolved;1;297498142
u;Unresolved;1;287104826
u;Unresolved;1;287922540
u;Unresolved;1;288371766
u;Unresolved;1;290907396
u;Unresolved;1;293152410
u;Unresolved;1;294542412
u;Unresolved;1;294942608
u;Unresolved;1;295571959
u;Unresolved;1;295522719
u;Unresolved;1;295621407
u;Unresolved;1;296018671
u;Unresolved;1;296392466
u;Unresolved;1;296645575
u;Unresolved;1;296712414
u;Unresolved;1;287226352
u;Unresolved;1;287360240
u;Unresolved;1;287989102
u;Unresolved;1;287992384
u;Unresolved;1;289449855
u;Unresolved;1;294205075
u;Unresolved;1;294704309
u;Unresolved;1;295621269
u;Unresolved;1;295824790
u;Unresolved;1;297611777
u;Unresolved;1;297732674
u;Unresolved;1;297825215
u;Unresolved;1;297985922
u;Unresolved;1;297972722
u;Unresolved;1;297971324
u;Unresolved;1;298138388
u;Unresolved;1;285371267
u;Unresolved;1;285672777
u;Unresolved;1;285872248
u;Unresolved;1;289586187
u;Unresolved;1;291573481
u;Unresolved;1;292932265
u;Unresolved;1;294345107
u;Unresolved;1;294402727
u;Unresolved;1;294499039
u;Unresolved;1;294701932
u;Unresolved;1;295604157
u;Unresolved;1;296048425
u;Unresolved;1;296153189
u;Unresolved;1;296134960
u;Unresolved;1;296421593
u;Unresolved;1;286266717
u;Unresolved;1;286581357
u;Unresolved;1;287289630
u;Unresolved;1;287573329
u;Unresolved;1;288986171
u;Unresolved;1;293532212
u;Unresolved;1;294195366
u;Unresolved;1;295365784
u;Unresolved;1;295430598
u;Unresolved;1;296034106
u;Unresolved;1;296846932
u;Unresolved;1;297023144
u;Unresolved;1;297004566
u;Unresolved;1;297184969
u;Unresolved;1;297235115
u;Unresolved;1;297209204
u;Unresolved;1;285547830
u;Unresolved;1;285914503
u;Unresolved;1;286091693
u;Unresolved;1;288893558
u;Unresolved;1;291547359
u;Unresolved;1;292049106
u;Unresolved;1;293378767
u;Unresolved;1;293880654
u;Unresolved;1;294434435
u;Unresolved;1;295332679
u;Unresolved;1;295420261
u;Unresolved;1;295485913
u;Unresolved;1;295470408
u;Unresolved;1;295599756
u;Unresolved;1;295803346
u;Unresolved;1;285172288
u;Unresolved;1;285870153
u;Unresolved;1;286392504
u;Unresolved;1;287083734
u;Unresolved;1;290343558
u;Unresolved;1;292767579
u;Unresolved;1;293203885
u;Unresolved;1;293361868
u;Unresolved;1;294066089
u;Unresolved;1;295559528
u;Unresolved;1;295606532
u;Unresolved;1;295645295
u;Unresolved;1;296076292
u;Unresolved;1;296149696
u;Unresolved;1;296270035
u;Unresolved;1;296325699
u;Unresolved;1;286177110
u;Unresolved;1;287965563
u;Unresolved;1;288203307
u;Unresolved;1;288252755
u;Unresolved;1;291857949
u;Unresolved;1;293298588
u;Unresolved;1;293352856
u;Unresolved;1;294174134
u;Unresolved;1;294326110
u;Unresolved;1;295782954
u;Unresolved;1;295974951
u;Unresolved;1;296040113
u;Unresolved;1;296061695
u;Unresolved;1;296202148
u;Unresolved;1;296035993
u;Unresolved;1;286971495
u;Unresolved;1;289537645
u;Unresolved;1;290300534
u;Unresolved;1;290812828
u;Unresolved;1;292309273
u;Unresolved;1;295390717
u;Unresolved;1;296356289
u;Unresolved;1;296482703
u;Unresolved;1;297544656
u;Unresolved;1;297486547
u;Unresolved;1;298325843
u;Unresolved;1;285448094
u;Unresolved;1;286025691
u;Unresolved;1;286120816
u;Unresolved;1;288795151
u;Unresolved;1;291414519
u;Unresolved;1;292233841
u;Unresolved;1;292593599
u;Unresolved;1;293821778
u;Unresolved;1;293982415
u;Unresolved;1;294579778
u;Unresolved;1;295771849
u;Unresolved;1;295831703
u;Unresolved;1;295869697
u;Unresolved;1;295955534
u;Unresolved;1;296095428
u;Unresolved;1;288940634
u;Unresolved;1;290328263
u;Unresolved;1;290594222
u;Unresolved;1;291507132
u;Unresolved;1;293076492
u;Unresolved;1;294946174
u;Unresolved;1;294987590
u;Unresolved;1;295874518
u;Unresolved;1;296281560
u;Unresolved;1;296943456
u;Unresolved;1;297122461
u;Unresolved;1;297962596
u;Unresolved;1;298241686
u;Unresolved;1;298314601
u;Unresolved;1;298375014
u;Unresolved;1;286469538
u;Unresolved;1;287955156
u;Unresolved;1;288675580
u;Unresolved;1;289021509
u;Unresolved;1;290846352
u;Unresolved;1;292303823
u;Unresolved;1;293727073
u;Unresolved;1;294890437
u;Unresolved;1;295891069
u;Unresolved;1;296064907
u;Unresolved;1;296740212
u;Unresolved;1;296933955
u;Unresolved;1;297832198
u;Unresolved;1;297933609
u;Unresolved;1;298195868
u;Unresolved;1;298076158
u;Unresolved;1;290755001
u;Unresolved;1;290959499
u;Unresolved;1;291044079
u;Unresolved;1;292609036
u;Unresolved;1;292634528
u;Unresolved;1;293189355
u;Unresolved;1;293439322
u;Unresolved;1;295370045
u;Unresolved;1;296232947
u;Unresolved;1;296338898
u;Unresolved;1;297116175
u;Unresolved;1;297374312
u;Unresolved;1;297489762
u;Unresolved;1;297365023
u;Unresolved;1;285388448
u;Unresolved;1;286889991
u;Unresolved;1;288257156
u;Unresolved;1;288452785
u;Unresolved;1;289976676
u;Unresolved;1;293561964
u;Unresolved;1;294477807
u;Unresolved;1;294627130
u;Unresolved;1;295762069
u;Unresolved;1;295565394
u;Unresolved;1;296268009
u;Unresolved;1;297418872
u;Unresolved;1;297460149
u;Unresolved;1;297648583
u;Unresolved;1;297713467
u;Unresolved;1;297585167
u;Unresolved;1;286733964
u;Unresolved;1;287114255
u;Unresolved;1;287399561
u;Unresolved;1;287541551
u;Unresolved;1;291695427
u;Unresolved;1;294782393
u;Unresolved;1;295108905
u;Unresolved;1;295073286
u;Unresolved;1;296409441
u;Unresolved;1;296666251
u;Unresolved;1;297684203
u;Unresolved;1;297552830
u;Unresolved;1;286414085
u;Unresolved;1;286775728
u;Unresolved;1;287056285
u;Unresolved;1;287955786
u;Unresolved;1;292017541
u;Unresolved;1;294837427
u;Unresolved;1;295275408
u;Unresolved;1;295300342
u;Unresolved;1;295937375
u;Unresolved;1;296362785
u;Unresolved;1;297098364
u;Unresolved;1;297315504
u;Unresolved;1;298207251
u;Unresolved;1;298384233
u;Unresolved;1;298374734
u;Unresolved;1;298491371
u;Unresolved;1;288622781
u;Unresolved;1;289011036
u;Unresolved;1;289176003
u;Unresolved;1;289223146
u;Unresolved;1;289420661
u;Unresolved;1;291388470
u;Unresolved;1;293183139
u;Unresolved;1;294309417
u;Unresolved;1;294622381
u;Unresolved;1;294744396
u;Unresolved;1;294938697
u;Unresolved;1;296575734
u;Unresolved;1;296526914
u;Unresolved;1;296704035
u;Unresolved;1;296658637
u;Unresolved;1;296804607
u;Unresolved;1;287339707
u;Unresolved;1;287288652
u;Unresolved;1;287375047
u;Unresolved;1;287481487
u;Unresolved;1;290567054
u;Unresolved;1;292682301
u;Unresolved;1;293164353
u;Unresolved;1;294673925
u;Unresolved;1;295029633
u;Unresolved;1;295087532
u;Unresolved;1;295627762
u;Unresolved;1;297252018
u;Unresolved;1;297147324
u;Unresolved;1;297338972
u;Unresolved;1;297220379
u;Unresolved;1;297300278
u;Unresolved;1;285664607
u;Unresolved;1;286085267
u;Unresolved;1;288424148
u;Unresolved;1;289064673
u;Unresolved;1;290471788
u;Unresolved;1;293927731
u;Unresolved;1;294267305
u;Unresolved;1;295446804
u;Unresolved;1;295626857
u;Unresolved;1;296088236
u;Unresolved;1;297483965
u;Unresolved;1;297704598
u;Unresolved;1;297643486
u;Unresolved;1;297826123
u;Unresolved;1;297985644
u;Unresolved;1;297894988
u;Unresolved;1;287407594
u;Unresolved;1;288376447
u;Unresolved;1;288610280
u;Unresolved;1;291486391
u;Unresolved;1;294120428
u;Unresolved;1;294390788
u;Unresolved;1;295507148
u;Unresolved;1;295640477
u;Unresolved;1;296147952
u;Unresolved;1;297452468
u;Unresolved;1;297980127
u;Unresolved;1;297985156
u;Unresolved;1;298060236
u;Unresolved;1;298252303
u;Unresolved;1;298240988
u;Unresolved;1;286022688
u;Unresolved;1;286581917
u;Unresolved;1;287869600
u;Unresolved;1;288138354
u;Unresolved;1;292432542
u;Unresolved;1;293410545
u;Unresolved;1;294230635
u;Unresolved;1;296137891
u;Unresolved;1;296748733
u;Unresolved;1;298400018
u;Unresolved;1;298481454
u;Unresolved;1;285257986
u;Unresolved;1;285797030
u;Unresolved;1;287197161
u;Unresolved;1;287217276
u;Unresolved;1;287451038
u;Unresolved;1;291635154
u;Unresolved;1;291792649
u;Unresolved;1;292661069
u;Unresolved;1;294069510
u;Unresolved;1;294323737
u;Unresolved;1;294913136
u;Unresolved;1;295538017
u;Unresolved;1;295915166
u;Unresolved;1;296076502
u;Unresolved;1;296217025
u;Unresolved;1;296293152
u;Unresolved;1;288261836
u;Unresolved;1;288504189
u;Unresolved;1;288571098
u;Unresolved;1;289984568
u;Unresolved;1;292929681
u;Unresolved;1;295420120
u;Unresolved;1;296124551
u;Unresolved;1;297795392
u;Unresolved;1;298401623
u;Unresolved;1;286981902
u;Unresolved;1;287628293
u;Unresolved;1;288391810
u;Unresolved;1;288504327
u;Unresolved;1;290032409
u;Unresolved;1;290450067
u;Unresolved;1;292862074
u;Unresolved;1;294007000
u;Unresolved;1;295066509
u;Unresolved;1;295452458
u;Unresolved;1;296286655
u;Unresolved;1;296340015
u;Unresolved;1;296458328
u;Unresolved;1;296563371
u;Unresolved;1;296573777
u;Unresolved;1;296539624
u;Unresolved;1;287325809
u;Unresolved;1;287597356
u;Unresolved;1;290740962
u;Unresolved;1;293022993
u;Unresolved;1;293675600
u;Unresolved;1;294219743
u;Unresolved;1;295405597
u;Unresolved;1;295758162
u;Unresolved;1;296171280
u;Unresolved;1;297393103
u;Unresolved;1;297514838
u;Unresolved;1;297716892
u;Unresolved;1;297641880
u;Unresolved;1;297803496
u;Unresolved;1;286188355
u;Unresolved;1;287347808
u;Unresolved;1;287610067
u;Unresolved;1;288135281
u;Unresolved;1;291040166
u;Unresolved;1;293175807
u;Unresolved;1;293792866
u;Unresolved;1;295913630
u;Unresolved;1;296284632
u;Unresolved;1;296528522
u;Unresolved;1;296911538
u;Unresolved;1;298447372
u;Unresolved;1;286054328
u;Unresolved;1;286699252
u;Unresolved;1;288472411
u;Unresolved;1;292193193
u;Unresolved;1;293512376
u;Unresolved;1;293542618
u;Unresolved;1;295275268
u;Unresolved;1;295987172
u;Unresolved;1;297587821
u;Unresolved;1;298361815
u;Unresolved;1;285834044
u;Unresolved;1;285774469
u;Unresolved;1;286921002
u;Unresolved;1;291944977
u;Unresolved;1;294285884
u;Unresolved;1;294254175
u;Unresolved;1;294847766
u;Unresolved;1;295580970
u;Unresolved;1;296658498
u;Unresolved;1;297455819
u;Unresolved;1;297585796
u;Unresolved;1;298506039
u;Unresolved;1;285373572
u;Unresolved;1;286144353
u;Unresolved;1;287976807
u;Unresolved;1;290980242
u;Unresolved;1;292320379
u;Unresolved;1;292654224
u;Unresolved;1;294454551
u;Unresolved;1;295454974
u;Unresolved;1;296732741
u;Unresolved;1;297457075
u;Unresolved;1;297486758
u;Unresolved;1;298276465
u;Unresolved;1;286749679
u;Unresolved;1;287422262
u;Unresolved;1;288775878
u;Unresolved;1;288981564
u;Unresolved;1;293934925
u;Unresolved;1;294782811
u;Unresolved;1;295796293
u;Unresolved;1;296774297
u;Unresolved;1;297276253
u;Unresolved;1;289137379
u;Unresolved;1;290580462
u;Unresolved;1;290936030
u;Unresolved;1;290890353
u;Unresolved;1;291401320
u;Unresolved;1;292251301
u;Unresolved;1;293919977
u;Unresolved;1;295438212
u;Unresolved;1;296245938
u;Unresolved;1;296309286
u;Unresolved;1;297056879
u;Unresolved;1;297223174
u;Unresolved;1;298152357
u;Unresolved;1;298271788
u;Unresolved;1;298418666
u;Unresolved;1;298359301
u;Unresolved;1;285980225
u;Unresolved;1;288248496
u;Unresolved;1;289001676
u;Unresolved;1;289187736
u;Unresolved;1;290958170
u;Unresolved;1;294491709
u;Unresolved;1;294907341
u;Unresolved;1;295262630
u;Unresolved;1;296175120
u;Unresolved;1;297309919
u;Unresolved;1;298116738
u;Unresolved;1;298197266
u;Unresolved;1;289249129
u;Unresolved;1;290144579
u;Unresolved;1;291044637
u;Unresolved;1;291168817
u;Unresolved;1;292315349
u;Unresolved;1;294590395
u;Unresolved;1;296418380
u;Unresolved;1;296524121
u;Unresolved;1;296813199
u;Unresolved;1;298135945
u;Unresolved;1;285577235
u;Unresolved;1;287574866
u;Unresolved;1;288383640
u;Unresolved;1;288565789
u;Unresolved;1;291053926
u;Unresolved;1;292602891
u;Unresolved;1;293810885
u;Unresolved;1;294411389
u;Unresolved;1;295014130
u;Unresolved;1;295806491
u;Unresolved;1;296735674
u;Unresolved;1;296897778
u;Unresolved;1;297650888
u;Unresolved;1;298021751
u;Unresolved;1;298034323
u;Unresolved;1;298118623
u;Unresolved;1;285551950
u;Unresolved;1;285738569
u;Unresolved;1;285840958
u;Unresolved;1;285954451
u;Unresolved;1;288212246
u;Unresolved;1;292720085
u;Unresolved;1;293212334
u;Unresolved;1;293878979
u;Unresolved;1;294711012
u;Unresolved;1;294875211
u;Unresolved;1;295738113
u;Unresolved;1;295769543
u;Unresolved;1;296584883
u;Unresolved;1;296837573
u;Unresolved;1;296868653
u;Unresolved;1;298246155
u;Unresolved;1;287268818
u;Unresolved;1;287915558
u;Unresolved;1;288680261
u;Unresolved;1;289155329
u;Unresolved;1;291706184
u;Unresolved;1;295195651
u;Unresolved;1;295204172
u;Unresolved;1;295689088
u;Unresolved;1;296806496
u;Unresolved;1;296987946
u;Unresolved;1;297910284
u;Unresolved;1;298023499
u;Unresolved;1;287532404
u;Unresolved;1;287956137
u;Unresolved;1;289681803
u;Unresolved;1;290054062
u;Unresolved;1;290080602
u;Unresolved;1;290335456
u;Unresolved;1;291417036
u;Unresolved;1;293609668
u;Unresolved;1;294052957
u;Unresolved;1;294288255
u;Unresolved;1;295331770
u;Unresolved;1;295819411
u;Unresolved;1;295824999
u;Unresolved;1;296020627
u;Unresolved;1;296137962
u;Unresolved;1;296036062
u;Unresolved;1;287952015
u;Unresolved;1;291200734
u;Unresolved;1;292140604
u;Unresolved;1;292023199
u;Unresolved;1;293240483
u;Unresolved;1;293506163
u;Unresolved;1;293900284
u;Unresolved;1;295078526
u;Unresolved;1;295162546
u;Unresolved;1;295383457
u;Unresolved;1;295237696
u;Unresolved;1;295412302
u;Unresolved;1;286478202
u;Unresolved;1;287384197
u;Unresolved;1;288230268
u;Unresolved;1;291797258
u;Unresolved;1;293188939
u;Unresolved;1;294551704
u;Unresolved;1;294834846
u;Unresolved;1;295850982
u;Unresolved;1;296267661
u;Unresolved;1;296257464
u;Unresolved;1;297777026
u;Unresolved;1;297981105
u;Unresolved;1;298131196
u;Unresolved;1;298044312
u;Unresolved;1;298175196
u;Unresolved;1;285886637
u;Unresolved;1;286239062
u;Unresolved;1;288295850
u;Unresolved;1;289282094
u;Unresolved;1;291424092
u;Unresolved;1;291670356
u;Unresolved;1;292586270
u;Unresolved;1;292989260
u;Unresolved;1;293707520
u;Unresolved;1;293886456
u;Unresolved;1;294701028
u;Unresolved;1;295003096
u;Unresolved;1;294933952
u;Unresolved;1;295078106
u;Unresolved;1;285384608
u;Unresolved;1;287692969
u;Unresolved;1;290296902
u;Unresolved;1;290489947
u;Unresolved;1;293708286
u;Unresolved;1;294122870
u;Unresolved;1;294921238
u;Unresolved;1;295122733
u;Unresolved;1;295388903
u;Unresolved;1;296745731
u;Unresolved;1;296707596
u;Unresolved;1;296914959
u;Unresolved;1;296924248
u;Unresolved;1;298258795
u;Unresolved;1;285400740
u;Unresolved;1;286002502
u;Unresolved;1;287187936
u;Unresolved;1;287730962
u;Unresolved;1;290291734
u;Unresolved;1;291261985
u;Unresolved;1;293022152
u;Unresolved;1;293407124
u;Unresolved;1;293786717
u;Unresolved;1;294303271
u;Unresolved;1;294661283
u;Unresolved;1;295224283
u;Unresolved;1;295635864
u;Unresolved;1;295866622
u;Unresolved;1;296050588
u;Unresolved;1;295963075
u;Unresolved;1;287024020
u;Unresolved;1;290513135
u;Unresolved;1;290796485
u;Unresolved;1;292525643
u;Unresolved;1;292991423
u;Unresolved;1;293846364
u;Unresolved;1;294270866
u;Unresolved;1;294330791
u;Unresolved;1;295632164
u;Unresolved;1;295674489
u;Unresolved;1;295976209
u;Unresolved;1;295838759
u;Unresolved;1;295990038
u;Unresolved;1;285130663
u;Unresolved;1;285476942
u;Unresolved;1;285525411
u;Unresolved;1;290721755
u;Unresolved;1;292014957
u;Unresolved;1;293388127
u;Unresolved;1;293547508
u;Unresolved;1;294457414
u;Unresolved;1;295590817
u;Unresolved;1;295692578
u;Unresolved;1;295867254
u;Unresolved;1;295878079
u;Unresolved;1;295837989
u;Unresolved;1;295976767
u;Unresolved;1;296034527
u;Unresolved;1;285727954
u;Unresolved;1;286166355
u;Unresolved;1;288361572
u;Unresolved;1;288568515
u;Unresolved;1;291543591
u;Unresolved;1;292799077
u;Unresolved;1;294099682
u;Unresolved;1;294745444
u;Unresolved;1;295363549
u;Unresolved;1;296275482
u;Unresolved;1;296318994
u;Unresolved;1;296787288
u;Unresolved;1;296826679
u;Unresolved;1;297163040
u;Unresolved;1;297189789
u;Unresolved;1;297194538
u;Unresolved;1;285623259
u;Unresolved;1;285958992
u;Unresolved;1;286515007
u;Unresolved;1;289479119
u;Unresolved;1;290082977
u;Unresolved;1;292815560
u;Unresolved;1;293785321
u;Unresolved;1;294483676
u;Unresolved;1;295264094
u;Unresolved;1;295638519
u;Unresolved;1;295720025
u;Unresolved;1;295855240
u;Unresolved;1;295873050
u;Unresolved;1;296088932
u;Unresolved;1;296077757
u;Unresolved;1;285602726
u;Unresolved;1;285668866
u;Unresolved;1;286568786
u;Unresolved;1;287209590
u;Unresolved;1;290790061
u;Unresolved;1;291039539
u;Unresolved;1;292626918
u;Unresolved;1;294634815
u;Unresolved;1;295534945
u;Unresolved;1;295672115
u;Unresolved;1;296177145
u;Unresolved;1;296241819
u;Unresolved;1;296322348
u;Unresolved;1;296871727
u;Unresolved;1;296980891
u;Unresolved;1;296760538
u;Unresolved;1;285389777
u;Unresolved;1;285450051
u;Unresolved;1;285758197
u;Unresolved;1;290561817
u;Unresolved;1;291812764
u;Unresolved;1;294343013
u;Unresolved;1;294343292
u;Unresolved;1;294880660
u;Unresolved;1;296001211
u;Unresolved;1;296221563
u;Unresolved;1;296308867
u;Unresolved;1;296402735
u;Unresolved;1;296357058
u;Unresolved;1;296568611
u;Unresolved;1;296500794
u;Unresolved;1;285450682
u;Unresolved;1;285614183
u;Unresolved;1;289023400
u;Unresolved;1;292043034
u;Unresolved;1;292036539
u;Unresolved;1;294432412
u;Unresolved;1;295490315
u;Unresolved;1;295487661
u;Unresolved;1;296655286
u;Unresolved;1;296977539
u;Unresolved;1;297257188
u;Unresolved;1;297235887
u;Unresolved;1;297495910
u;Unresolved;1;297486412
u;Unresolved;1;297494862
u;Unresolved;1;285854437
u;Unresolved;1;286603498
u;Unresolved;1;286837609
u;Unresolved;1;286933852
u;Unresolved;1;288060131
u;Unresolved;1;291958523
u;Unresolved;1;293629293
u;Unresolved;1;293645636
u;Unresolved;1;294146127
u;Unresolved;1;294059034
u;Unresolved;1;294830023
u;Unresolved;1;295959863
u;Unresolved;1;296036551
u;Unresolved;1;296009313
u;Unresolved;1;296147880
u;Unresolved;1;296114216
u;Unresolved;1;285773842
u;Unresolved;1;286751635
u;Unresolved;1;289281186
u;Unresolved;1;289688647
u;Unresolved;1;291068313
u;Unresolved;1;291090313
u;Unresolved;1;294392533
u;Unresolved;1;294333377
u;Unresolved;1;294756831
u;Unresolved;1;294985216
u;Unresolved;1;295221073
u;Unresolved;1;296872985
u;Unresolved;1;296827587
u;Unresolved;1;297084537
u;Unresolved;1;296944225
u;Unresolved;1;296983406
u;Unresolved;1;285537216
u;Unresolved;1;286275660
u;Unresolved;1;286382658
u;Unresolved;1;286701140
u;Unresolved;1;290756190
u;Unresolved;1;292163793
u;Unresolved;1;293651156
u;Unresolved;1;294067487
u;Unresolved;1;294362012
u;Unresolved;1;294363479
u;Unresolved;1;295699494
u;Unresolved;1;296031105
u;Unresolved;1;296117640
u;Unresolved;1;296318367
u;Unresolved;1;296177984
u;Unresolved;1;296303909
u;Unresolved;1;286928196
u;Unresolved;1;287446566
u;Unresolved;1;287644639
u;Unresolved;1;288511314
u;Unresolved;1;291488697
u;Unresolved;1;293721628
u;Unresolved;1;294905176
u;Unresolved;1;294993457
u;Unresolved;1;295482284
u;Unresolved;1;296946459
u;Unresolved;1;296917964
u;Unresolved;1;297128469
u;Unresolved;1;297204248
u;Unresolved;1;297335133
u;Unresolved;1;297347355
u;Unresolved;1;297329614
u;Unresolved;1;287623898
u;Unresolved;1;287907458
u;Unresolved;1;288372957
u;Unresolved;1;292256752
u;Unresolved;1;292510978
u;Unresolved;1;294740766
u;Unresolved;1;295276735
u;Unresolved;1;295745519
u;Unresolved;1;295804466
u;Unresolved;1;296245450
u;Unresolved;1;297664580
u;Unresolved;1;297793090
u;Unresolved;1;297887936
u;Unresolved;1;297912939
u;Unresolved;1;297809851
u;Unresolved;1;285591414
u;Unresolved;1;285776356
u;Unresolved;1;286412062
u;Unresolved;1;290486107
u;Unresolved;1;292892040
u;Unresolved;1;294086416
u;Unresolved;1;294768775
u;Unresolved;1;295202077
u;Unresolved;1;296619249
u;Unresolved;1;296705224
u;Unresolved;1;296796718
u;Unresolved;1;296919082
u;Unresolved;1;296930746
u;Unresolved;1;297047382
u;Unresolved;1;296907698
u;Unresolved;1;288512012
u;Unresolved;1;289215117
u;Unresolved;1;289090798
u;Unresolved;1;289255555
u;Unresolved;1;290133405
u;Unresolved;1;294476902
u;Unresolved;1;295413069
u;Unresolved;1;295751176
u;Unresolved;1;296398685
u;Unresolved;1;296353567
u;Unresolved;1;296942757
u;Unresolved;1;297369772
u;Unresolved;1;297546195
u;Unresolved;1;297778071
u;Unresolved;1;297769481
u;Unresolved;1;297689651
u;Unresolved;1;288443847
u;Unresolved;1;288832799
u;Unresolved;1;289341530
u;Unresolved;1;291861235
u;Unresolved;1;294240485
u;Unresolved;1;295327511
u;Unresolved;1;295944290
u;Unresolved;1;296375636
u;Unresolved;1;297956588
u;Unresolved;1;298162344
u;Unresolved;1;298180503
u;Unresolved;1;298146629
u;Unresolved;1;298450235
u;Unresolved;1;298385351
u;Unresolved;1;286458925
u;Unresolved;1;286495383
u;Unresolved;1;287615515
u;Unresolved;1;288267563
u;Unresolved;1;291732235
u;Unresolved;1;293267790
u;Unresolved;1;295198863
u;Unresolved;1;295503098
u;Unresolved;1;296056180
u;Unresolved;1;296949045
u;Unresolved;1;297129867
u;Unresolved;1;297244409
u;Unresolved;1;297417129
u;Unresolved;1;297445066
u;Unresolved;1;297724365
u;Unresolved;1;297704181
u;Unresolved;1;286402561
u;Unresolved;1;286692617
u;Unresolved;1;287113697
u;Unresolved;1;288949086
u;Unresolved;1;291579701
u;Unresolved;1;294015313
u;Unresolved;1;295134119
u;Unresolved;1;295552195
u;Unresolved;1;296380595
u;Unresolved;1;296469085
u;Unresolved;1;296832615
u;Unresolved;1;296989342
u;Unresolved;1;297245035
u;Unresolved;1;297099063
u;Unresolved;1;297197542
u;Unresolved;1;288559924
u;Unresolved;1;288941123
u;Unresolved;1;289366323
u;Unresolved;1;289547984
u;Unresolved;1;293293843
u;Unresolved;1;295241606
u;Unresolved;1;295814244
u;Unresolved;1;296097525
u;Unresolved;1;296839041
u;Unresolved;1;297153402
u;Unresolved;1;297420898
u;Unresolved;1;297809501
u;Unresolved;1;297806707
u;Unresolved;1;298066591
u;Unresolved;1;297990952
u;Unresolved;1;288412349
u;Unresolved;1;290981151
u;Unresolved;1;291123630
u;Unresolved;1;291216869
u;Unresolved;1;291275747
u;Unresolved;1;291300611
u;Unresolved;1;295337779
u;Unresolved;1;295704730
u;Unresolved;1;297183713
u;Unresolved;1;297295600
u;Unresolved;1;297805729
u;Unresolved;1;298319351
u;Unresolved;1;286657207
u;Unresolved;1;288033940
u;Unresolved;1;288317989
u;Unresolved;1;289054408
u;Unresolved;1;288987080
u;Unresolved;1;290223291
u;Unresolved;1;293738249
u;Unresolved;1;294341268
u;Unresolved;1;295350071
u;Unresolved;1;295650673
u;Unresolved;1;295706407
u;Unresolved;1;295801882
u;Unresolved;1;296676099
u;Unresolved;1;296970554
u;Unresolved;1;296944643
u;Unresolved;1;296885136
u;Unresolved;1;288718886
u;Unresolved;1;288989316
u;Unresolved;1;289115312
u;Unresolved;1;289497839
u;Unresolved;1;289701430
u;Unresolved;1;293513287
u;Unresolved;1;294376818
u;Unresolved;1;295358523
u;Unresolved;1;295583905
u;Unresolved;1;295628324
u;Unresolved;1;295807819
u;Unresolved;1;296790572
u;Unresolved;1;297097599
u;Unresolved;1;297014487
u;Unresolved;1;296982778
u;Unresolved;1;286449567
u;Unresolved;1;286761902
u;Unresolved;1;287481139
u;Unresolved;1;288819389
u;Unresolved;1;289172093
u;Unresolved;1;293007069
u;Unresolved;1;294443728
u;Unresolved;1;294933742
u;Unresolved;1;295768080
u;Unresolved;1;295790709
u;Unresolved;1;296203896
u;Unresolved;1;296528663
u;Unresolved;1;296670303
u;Unresolved;1;296902320
u;Unresolved;1;296873056
u;Unresolved;1;286240809
u;Unresolved;1;287596099
u;Unresolved;1;287949223
u;Unresolved;1;288504469
u;Unresolved;1;288904248
u;Unresolved;1;288989804
u;Unresolved;1;293686218
u;Unresolved;1;294663942
u;Unresolved;1;294666037
u;Unresolved;1;295157727
u;Unresolved;1;295753343
u;Unresolved;1;295808169
u;Unresolved;1;295930044
u;Unresolved;1;296024681
u;Unresolved;1;295985988
u;Unresolved;1;296088935
u;Unresolved;1;288248077
u;Unresolved;1;289353473
u;Unresolved;1;289714348
u;Unresolved;1;290223011
u;Unresolved;1;290849986
u;Unresolved;1;293911528
u;Unresolved;1;294717579
u;Unresolved;1;295672254
u;Unresolved;1;296242028
u;Unresolved;1;296222752
u;Unresolved;1;296353287
u;Unresolved;1;297242660
u;Unresolved;1;297369075
u;Unresolved;1;297396313
u;Unresolved;1;297594036
u;Unresolved;1;288784888
u;Unresolved;1;288909278
u;Unresolved;1;288891747
u;Unresolved;1;289502100
u;Unresolved;1;289557974
u;Unresolved;1;291767996
u;Unresolved;1;294308792
u;Unresolved;1;295498070
u;Unresolved;1;296550105
u;Unresolved;1;296423621
u;Unresolved;1;297236936
u;Unresolved;1;297457707
u;Unresolved;1;298292884
u;Unresolved;1;298505972
u;Unresolved;1;288301649
u;Unresolved;1;288967247
u;Unresolved;1;289092405
u;Unresolved;1;292015866
u;Unresolved;1;294318569
u;Unresolved;1;294643686
u;Unresolved;1;296778141
u;Unresolved;1;297161226
u;Unresolved;1;286467655
u;Unresolved;1;286385661
u;Unresolved;1;288879522
u;Unresolved;1;289537158
u;Unresolved;1;292893436
u;Unresolved;1;295043536
u;Unresolved;1;296031874
u;Unresolved;1;297203271
u;Unresolved;1;297509040
u;Unresolved;1;298325917
u;Unresolved;1;286720416
u;Unresolved;1;287062993
u;Unresolved;1;289829243
u;Unresolved;1;290062307
u;Unresolved;1;290096250
u;Unresolved;1;292596187
u;Unresolved;1;294902034
u;Unresolved;1;295083903
u;Unresolved;1;296051150
u;Unresolved;1;296229597
u;Unresolved;1;296348818
u;Unresolved;1;296880598
u;Unresolved;1;297200476
u;Unresolved;1;297358180
u;Unresolved;1;297422714
u;Unresolved;1;297590755
u;Unresolved;1;286313375
u;Unresolved;1;286349064
u;Unresolved;1;286999506
u;Unresolved;1;290010062
u;Unresolved;1;293242998
u;Unresolved;1;293452525
u;Unresolved;1;295024259
u;Unresolved;1;296519864
u;Unresolved;1;297004850
u;Unresolved;1;297943880
u;Unresolved;1;298350293
u;Unresolved;1;285684234
u;Unresolved;1;286624522
u;Unresolved;1;286998600
u;Unresolved;1;287377215
u;Unresolved;1;291575929
u;Unresolved;1;291881907
u;Unresolved;1;294535918
u;Unresolved;1;294940376
u;Unresolved;1;296035854
u;Unresolved;1;296450508
u;Unresolved;1;296932142
u;Unresolved;1;297194749
u;Unresolved;1;297420201
u;Unresolved;1;297966578
u;Unresolved;1;298193567
u;Unresolved;1;298065266
u;Unresolved;1;288242282
u;Unresolved;1;288245984
u;Unresolved;1;288384061
u;Unresolved;1;288627602
u;Unresolved;1;289136264
u;Unresolved;1;290804310
u;Unresolved;1;292799778
u;Unresolved;1;294425221
u;Unresolved;1;295090471
u;Unresolved;1;295470204
u;Unresolved;1;295817320
u;Unresolved;1;296270597
u;Unresolved;1;296831990
u;Unresolved;1;297089289
u;Unresolved;1;296923693
u;Unresolved;1;297036628
u;Unresolved;1;286851859
u;Unresolved;1;286825459
u;Unresolved;1;287195064
u;Unresolved;1;287370229
u;Unresolved;1;289149046
u;Unresolved;1;294655559
u;Unresolved;1;295258088
u;Unresolved;1;295700541
u;Unresolved;1;295793151
u;Unresolved;1;296030336
u;Unresolved;1;296048286
u;Unresolved;1;297046893
u;Unresolved;1;297188323
u;Unresolved;1;297322351
u;Unresolved;1;297252718
u;Unresolved;1;297413356
u;Unresolved;1;287788096
u;Unresolved;1;290118945
u;Unresolved;1;290404461
u;Unresolved;1;291030178
u;Unresolved;1;291819117
u;Unresolved;1;292115389
u;Unresolved;1;294316262
u;Unresolved;1;295237344
u;Unresolved;1;296732602
u;Unresolved;1;296632029
u;Unresolved;1;297352592
u;Unresolved;1;298056464
u;Unresolved;1;298440807
u;Unresolved;1;288980654
u;Unresolved;1;291189701
u;Unresolved;1;291607847
u;Unresolved;1;291789089
u;Unresolved;1;292124611
u;Unresolved;1;292802293
u;Unresolved;1;293870253
u;Unresolved;1;295372423
u;Unresolved;1;296880878
u;Unresolved;1;296891354
u;Unresolved;1;297226598
u;Unresolved;1;297297977
u;Unresolved;1;298129520
u;Unresolved;1;298181203
u;Unresolved;1;298422438
u;Unresolved;1;286355350
u;Unresolved;1;288244866
u;Unresolved;1;288541416
u;Unresolved;1;289140803
u;Unresolved;1;290839441
u;Unresolved;1;292087525
u;Unresolved;1;292529837
u;Unresolved;1;294615890
u;Unresolved;1;296062884
u;Unresolved;1;296194397
u;Unresolved;1;296393797
u;Unresolved;1;297207531
u;Unresolved;1;297628820
u;Unresolved;1;297912380
u;Unresolved;1;297854271
u;Unresolved;1;297886050
u;Unresolved;1;287502301
u;Unresolved;1;289309404
u;Unresolved;1;289241029
u;Unresolved;1;289368141
u;Unresolved;1;289434422
u;Unresolved;1;289954328
u;Unresolved;1;294153601
u;Unresolved;1;294488496
u;Unresolved;1;295478582
u;Unresolved;1;295451344
u;Unresolved;1;296093265
u;Unresolved;1;296727225
u;Unresolved;1;297158990
u;Unresolved;1;297198661
u;Unresolved;1;297388423
u;Unresolved;1;297457707
u;Unresolved;1;289753321
u;Unresolved;1;291760593
u;Unresolved;1;293134532
u;Unresolved;1;293081452
u;Unresolved;1;293159257
u;Unresolved;1;293178813
u;Unresolved;1;296108492
u;Unresolved;1;296187344
u;Unresolved;1;297297209
u;Unresolved;1;297812576
u;Unresolved;1;298339816
u;Unresolved;1;298436268
u;Unresolved;1;298319003
u;Unresolved;1;288691508
u;Unresolved;1;288924572
u;Unresolved;1;289081927
u;Unresolved;1;289587307
u;Unresolved;1;292022851
u;Unresolved;1;293115117
u;Unresolved;1;295400222
u;Unresolved;1;295738607
u;Unresolved;1;296822212
u;Unresolved;1;296949465
u;Unresolved;1;297962389
u;Unresolved;1;298269555
u;Unresolved;1;298425304
u;Unresolved;1;289373310
u;Unresolved;1;290128446
u;Unresolved;1;290115945
u;Unresolved;1;290339650
u;Unresolved;1;291412428
u;Unresolved;1;291740548
u;Unresolved;1;294675884
u;Unresolved;1;294876052
u;Unresolved;1;296014414
u;Unresolved;1;296074130
u;Unresolved;1;297913150
u;Unresolved;1;298229257
u;Unresolved;1;298331855
u;Unresolved;1;287948595
u;Unresolved;1;289637174
u;Unresolved;1;291062937
u;Unresolved;1;291349640
u;Unresolved;1;291349081
u;Unresolved;1;291446093
u;Unresolved;1;293808164
u;Unresolved;1;294589909
u;Unresolved;1;296010504
u;Unresolved;1;296177706
u;Unresolved;1;297415731
u;Unresolved;1;297810411
u;Unresolved;1;297880184
u;Unresolved;1;288460121
u;Unresolved;1;289900201
u;Unresolved;1;289960336
u;Unresolved;1;290034299
u;Unresolved;1;290255210
u;Unresolved;1;293782810
u;Unresolved;1;294028655
u;Unresolved;1;294894212
u;Unresolved;1;296270735
u;Unresolved;1;296449811
u;Unresolved;1;297083002
u;Unresolved;1;298085450
u;Unresolved;1;298162485
u;Unresolved;1;298237915
u;Unresolved;1;298223738
u;Unresolved;1;298357276
u;Unresolved;1;289012154
u;Unresolved;1;289581161
u;Unresolved;1;289594570
u;Unresolved;1;289728319
u;Unresolved;1;294215553
u;Unresolved;1;294263464
u;Unresolved;1;294666176
u;Unresolved;1;295957212
u;Unresolved;1;297578883
u;Unresolved;1;297541517
u;Unresolved;1;298170797
u;Unresolved;1;288571030
u;Unresolved;1;289724058
u;Unresolved;1;289829451
u;Unresolved;1;290041840
u;Unresolved;1;291664629
u;Unresolved;1;292467118
u;Unresolved;1;292662399
u;Unresolved;1;293474247
u;Unresolved;1;294580970
u;Unresolved;1;294536270
u;Unresolved;1;297449955
u;Unresolved;1;297829129
u;Unresolved;1;297956801
u;Unresolved;1;298399182
u;Unresolved;1;298470072
u;Unresolved;1;287428059
u;Unresolved;1;288615379
u;Unresolved;1;288804373
u;Unresolved;1;289184035
u;Unresolved;1;291911590
u;Unresolved;1;294195228
u;Unresolved;1;294440863
u;Unresolved;1;294486052
u;Unresolved;1;295978793
u;Unresolved;1;296123367
u;Unresolved;1;297744058
u;Unresolved;1;297947510
u;Unresolved;1;298078674
u;Unresolved;1;287460396
u;Unresolved;1;289457609
u;Unresolved;1;289472066
u;Unresolved;1;289783284
u;Unresolved;1;290242848
u;Unresolved;1;294984937
u;Unresolved;1;295875846
u;Unresolved;1;296652773
u;Unresolved;1;296581394
u;Unresolved;1;296565470
u;Unresolved;1;298441785
u;Unresolved;1;287144220
u;Unresolved;1;288159100
u;Unresolved;1;288764563
u;Unresolved;1;288805840
u;Unresolved;1;291768903
u;Unresolved;1;296203896
u;Unresolved;1;296454422
u;Unresolved;1;297282333
u;Unresolved;1;297360766
u;Unresolved;1;297512813
u;Unresolved;1;298006528
u;Unresolved;1;290036673
u;Unresolved;1;290019980
u;Unresolved;1;290110985
u;Unresolved;1;290900483
u;Unresolved;1;290866121
u;Unresolved;1;294235039
u;Unresolved;1;294768844
u;Unresolved;1;294675116
u;Unresolved;1;295096336
u;Unresolved;1;295556597
u;Unresolved;1;296714165
u;Unresolved;1;297049549
u;Unresolved;1;297183646
u;Unresolved;1;297840164
u;Unresolved;1;297948140
u;Unresolved;1;297835974
e;Unresolved;1;300738269
e;Unresolved;1;302695671
e;Unresolved;1;301346527
e;Unresolved;1;303114236
e;Unresolved;1;301873208
e;Unresolved;1;301895905
e;Unresolved;1;304462264
e;Unresolved;1;302548163
e;Unresolved;1;303785492
e;Unresolved;1;307392850
e;Unresolved;1;306047616
e;Unresolved;1;312216236
e;Unresolved;1;308189472
e;Unresolved;1;310401313
e;Unresolved;1;308683398
e;Unresolved;1;308853813
e;Unresolved;1;279981318
e;Unresolved;1;280755242
e;Unresolved;1;282346601
e;Unresolved;1;282367205
e;Unresolved;1;282535873
e;Unresolved;1;282639939
e;Unresolved;1;282601526
e;Unresolved;1;283003400
e;Unresolved;1;283409184
e;Unresolved;1;283699100
e;Unresolved;1;284623883
e;Unresolved;1;284708532
e;Unresolved;1;280601449
e;Unresolved;1;280600820
e;Unresolved;1;280947588
e;Unresolved;1;281100473
e;Unresolved;1;281483000
e;Unresolved;1;283645250
e;Unresolved;1;284441803
e;Unresolved;1;284790177
e;Unresolved;1;279724856
e;Unresolved;1;280436201
e;Unresolved;1;281167450
e;Unresolved;1;281634975
e;Unresolved;1;281916930
e;Unresolved;1;282875378
e;Unresolved;1;284042794
e;Unresolved;1;284276766
e;Unresolved;1;284624022
e;Unresolved;1;282385783
e;Unresolved;1;282397237
e;Unresolved;1;282435860
e;Unresolved;1;283334732
e;Unresolved;1;283806656
e;Unresolved;1;284784030
e;Unresolved;1;284922109
e;Unresolved;1;284913658
e;Unresolved;1;285011577
e;Unresolved;1;285018980
e;Unresolved;1;279135457
e;Unresolved;1;279558562
e;Unresolved;1;280255241
e;Unresolved;1;280315026
e;Unresolved;1;280360493
e;Unresolved;1;280405891
e;Unresolved;1;281355818
e;Unresolved;1;282560251
e;Unresolved;1;284016324
e;Unresolved;1;284203222
e;Unresolved;1;284252601
e;Unresolved;1;284801143
e;Unresolved;1;280300846
e;Unresolved;1;281820687
e;Unresolved;1;281945007
e;Unresolved;1;281948848
e;Unresolved;1;281987471
e;Unresolved;1;282411065
e;Unresolved;1;284052641
e;Unresolved;1;284232695
e;Unresolved;1;280444584
e;Unresolved;1;281040828
e;Unresolved;1;281308394
e;Unresolved;1;280913644
e;Unresolved;1;280895346
e;Unresolved;1;281293307
e;Unresolved;1;281230728
e;Unresolved;1;281062478
e;Unresolved;1;282112139
e;Unresolved;1;282057731
e;Unresolved;1;284770342
e;Unresolved;1;284540351
e;Unresolved;1;284578275
e;Unresolved;1;301548300
e;Unresolved;1;301573723
e;Unresolved;1;301584756
e;Unresolved;1;302464073
e;Unresolved;1;302510727
e;Unresolved;1;302589370
e;Unresolved;1;302715715
e;Unresolved;1;302669548
e;Unresolved;1;280615627
e;Unresolved;1;280940812
e;Unresolved;1;281718369
e;Unresolved;1;281904987
e;Unresolved;1;281921749
e;Unresolved;1;282140565
e;Unresolved;1;282877893
e;Unresolved;1;284122345
e;Unresolved;1;278357972
e;Unresolved;1;278416151
e;Unresolved;1;278866914
e;Unresolved;1;279218151
e;Unresolved;1;279619256
e;Unresolved;1;281491941
e;Unresolved;1;282690436
e;Unresolved;1;283350587
e;Unresolved;1;284013460
e;Unresolved;1;284180524
e;Unresolved;1;284713142
e;Unresolved;1;279453310
e;Unresolved;1;279867964
e;Unresolved;1;280172827
e;Unresolved;1;280273540
e;Unresolved;1;280787090
e;Unresolved;1;281466796
e;Unresolved;1;283269079
e;Unresolved;1;283237161
e;Unresolved;1;283706711
e;Unresolved;1;283887253
e;Unresolved;1;281011775
e;Unresolved;1;281336052
e;Unresolved;1;281310700
e;Unresolved;1;281377749
e;Unresolved;1;281853445
e;Unresolved;1;281943821
e;Unresolved;1;281856588
e;Unresolved;1;282163895
e;Unresolved;1;283173606
e;Unresolved;1;283162571
e;Unresolved;1;277952048
e;Unresolved;1;278529715
e;Unresolved;1;279294279
e;Unresolved;1;279664094
e;Unresolved;1;280148241
e;Unresolved;1;281668291
e;Unresolved;1;283144061
e;Unresolved;1;283358128
e;Unresolved;1;284199380
e;Unresolved;1;284245197
e;Unresolved;1;280322080
e;Unresolved;1;280432710
e;Unresolved;1;281069253
e;Unresolved;1;281424052
e;Unresolved;1;281765511
e;Unresolved;1;281836611
e;Unresolved;1;282841363
e;Unresolved;1;283019742
e;Unresolved;1;283267333
e;Unresolved;1;283270825
e;Unresolved;1;279753631
e;Unresolved;1;280184909
e;Unresolved;1;282902896
e;Unresolved;1;283123668
e;Unresolved;1;283427063
e;Unresolved;1;283509966
e;Unresolved;1;283599294
e;Unresolved;1;283701893
e;Unresolved;1;283842696
e;Unresolved;1;283943268
e;Unresolved;1;284909538
e;Unresolved;1;284941874
e;Unresolved;1;279196639
e;Unresolved;1;280433966
e;Unresolved;1;280544806
e;Unresolved;1;280780245
e;Unresolved;1;281256781
e;Unresolved;1;282000673
e;Unresolved;1;284127582
e;Unresolved;1;284908280
e;Unresolved;1;285044263
e;Unresolved;1;280866292
e;Unresolved;1;281067996
e;Unresolved;1;281242114
e;Unresolved;1;281350928
e;Unresolved;1;281367830
e;Unresolved;1;283075476
e;Unresolved;1;282989221
e;Unresolved;1;283304629
e;Unresolved;1;284716215
e;Unresolved;1;284880553
e;Unresolved;1;280354066
e;Unresolved;1;280878861
e;Unresolved;1;281073234
e;Unresolved;1;281387176
e;Unresolved;1;281879914
e;Unresolved;1;283643505
e;Unresolved;1;284139246
e;Unresolved;1;285046079
e;Unresolved;1;279643562
e;Unresolved;1;280353719
e;Unresolved;1;282021625
e;Unresolved;1;283202520
e;Unresolved;1;283363017
e;Unresolved;1;284029035
e;Unresolved;1;283829915
e;Unresolved;1;282204402
e;Unresolved;1;282232199
e;Unresolved;1;282846044
e;Unresolved;1;283002700
e;Unresolved;1;282881803
e;Unresolved;1;281208589
e;Unresolved;1;281749659
e;Unresolved;1;283271663
e;Unresolved;1;283719143
e;Unresolved;1;284317972
e;Unresolved;1;284909606
e;Unresolved;1;280918045
e;Unresolved;1;281440816
e;Unresolved;1;282209221
e;Unresolved;1;282473086
e;Unresolved;1;283189948
e;Unresolved;1;283724381
e;Unresolved;1;284274739
e;Unresolved;1;280913016
e;Unresolved;1;281502766
e;Unresolved;1;281719417
e;Unresolved;1;281844644
e;Unresolved;1;282422170
e;Unresolved;1;284430280
e;Unresolved;1;284852966
e;Unresolved;1;282331446
e;Unresolved;1;282823486
e;Unresolved;1;283693304
e;Unresolved;1;284414076
e;Unresolved;1;284588404
e;Unresolved;1;284768526
e;Unresolved;1;282957861
e;Unresolved;1;283111933
e;Unresolved;1;284035461
e;Unresolved;1;284732627
e;Unresolved;1;284915055
e;Unresolved;1;285038398
e;Unresolved;1;281718370
e;Unresolved;1;281677232
e;Unresolved;1;284378875
e;Unresolved;1;284691838
e;Unresolved;1;284623324
e;Unresolved;1;279801127
e;Unresolved;1;283326769
e;Unresolved;1;283906881
e;Unresolved;1;280759015
e;Unresolved;1;281244350
e;Unresolved;1;284327891
e;Unresolved;1;284772159
e;Unresolved;1;280375438
e;Unresolved;1;281047741
e;Unresolved;1;281647409
e;Unresolved;1;281898981
e;Unresolved;1;282359313
e;Unresolved;1;282972111
e;Unresolved;1;283452975
e;Unresolved;1;283373145
e;Unresolved;1;283660826
e;Unresolved;1;283616057
e;Unresolved;1;282010800
e;Unresolved;1;282120871
e;Unresolved;1;284367561
e;Unresolved;1;284702734
e;Unresolved;1;281330953
e;Unresolved;1;281867343
e;Unresolved;1;283224171
e;Unresolved;1;283400174
e;Unresolved;1;283415749
e;Unresolved;1;284112358
e;Unresolved;1;282739953
e;Unresolved;1;282785141
e;Unresolved;1;283132537
e;Unresolved;1;283161522
e;Unresolved;1;283310705
e;Unresolved;1;284830475
e;Unresolved;1;281279479
e;Unresolved;1;281850930
e;Unresolved;1;282450736
e;Unresolved;1;282504514
e;Unresolved;1;282638264
e;Unresolved;1;284803100
e;Unresolved;1;283909117
e;Unresolved;1;284570524
e;Unresolved;1;282605299
e;Unresolved;1;282543907
e;Unresolved;1;283165504
e;Unresolved;1;283086443
e;Unresolved;1;284018280
e;Unresolved;1;282647694
e;Unresolved;1;283238769
e;Unresolved;1;283867490
e;Unresolved;1;284141482
e;Unresolved;1;283178984
e;Unresolved;1;283609562
e;Unresolved;1;284012972
e;Unresolved;1;284423785
e;Unresolved;1;281189245
e;Unresolved;1;283022397
e;Unresolved;1;284249667
e;Unresolved;1;284386627
e;Unresolved;1;280223183
e;Unresolved;1;282889487
e;Unresolved;1;283235696
e;Unresolved;1;283819159
e;Unresolved;1;284730323
e;Unresolved;1;283797578
e;Unresolved;1;283939568
e;Unresolved;1;284648328
e;Unresolved;1;284829500
e;Unresolved;1;284012693
e;Unresolved;1;284232486
e;Unresolved;1;284831874
e;Unresolved;1;280522949
e;Unresolved;1;283664179
e;Unresolved;1;283766149
e;Unresolved;1;284256163
e;Unresolved;1;280982650
e;Unresolved;1;283853662
e;Unresolved;1;283953397
e;Unresolved;1;283886418
e;Unresolved;1;284064936
e;Unresolved;1;280866012
e;Unresolved;1;283992439
e;Unresolved;1;284352196
e;Unresolved;1;284462827
e;Unresolved;1;284791714
e;Unresolved;1;280855955
e;Unresolved;1;282373071
e;Unresolved;1;283099433
e;Unresolved;1;283436143
e;Unresolved;1;283929371
e;Unresolved;1;281850510
e;Unresolved;1;282449898
e;Unresolved;1;283995511
e;Unresolved;1;284292412
e;Unresolved;1;284774603
e;Unresolved;1;280957506
e;Unresolved;1;284208670
e;Unresolved;1;284522682
e;Unresolved;1;284939012
e;Unresolved;1;282209222
e;Unresolved;1;279955198
e;Unresolved;1;284293041
e;Unresolved;1;284525337
e;Unresolved;1;285109359
e;Unresolved;1;281055426
e;Unresolved;1;282930974
e;Unresolved;1;283767058
e;Unresolved;1;283916730
e;Unresolved;1;284417640
e;Unresolved;1;281679678
e;Unresolved;1;283738141
e;Unresolved;1;284039861
e;Unresolved;1;284629610
e;Unresolved;1;284875176
e;Unresolved;1;281068417
e;Unresolved;1;283071357
e;Unresolved;1;283499561
e;Unresolved;1;284012554
e;Unresolved;1;280183932
e;Unresolved;1;283700636
e;Unresolved;1;283991110
e;Unresolved;1;284148884
e;Unresolved;1;284322233
e;Unresolved;1;282310914
e;Unresolved;1;283529174
e;Unresolved;1;284384463
e;Unresolved;1;284881812
e;Unresolved;1;282296595
e;Unresolved;1;284940898
e;Unresolved;1;285092316
e;Unresolved;1;283119618
e;Unresolved;1;284815740
e;Unresolved;1;283421128
e;Unresolved;1;283370073
e;Unresolved;1;281970292
e;Unresolved;1;283259443
e;Unresolved;1;283522889
e;Unresolved;1;283731647
e;Unresolved;1;281743654
e;Unresolved;1;282478953
e;Unresolved;1;298515955
e;Unresolved;1;298564425
e;Unresolved;1;298895338
e;Unresolved;1;299870618
e;Unresolved;1;299874739
e;Unresolved;1;299910149
e;Unresolved;1;300007649
e;Unresolved;1;299984321
e;Unresolved;1;298577138
e;Unresolved;1;299599352
e;Unresolved;1;299605078
e;Unresolved;1;299649568
e;Unresolved;1;299836676
e;Unresolved;1;299925167
e;Unresolved;1;298634476
e;Unresolved;1;299061423
e;Unresolved;1;299074972
e;Unresolved;1;299255794
e;Unresolved;1;299193076
e;Unresolved;1;299360139
e;Unresolved;1;298917619
e;Unresolved;1;298988020
e;Unresolved;1;299305943
e;Unresolved;1;299395551
e;Unresolved;1;299311251
e;Unresolved;1;299373969
e;Unresolved;1;299463158
e;Unresolved;1;299861398
e;Unresolved;1;299799238
e;Unresolved;1;299892129
e;Unresolved;1;300209911
e;Unresolved;1;300314605
e;Unresolved;1;300157530
e;Unresolved;1;300311253
e;Unresolved;1;300249932
e;Unresolved;1;299155501
e;Unresolved;1;299226530
e;Unresolved;1;299521404
e;Unresolved;1;299527271
e;Unresolved;1;299662137
e;Unresolved;1;299591875
e;Unresolved;1;299563659
e;Unresolved;1;299589152
e;Unresolved;1;284088541
e;Unresolved;1;283343324
e;Unresolved;1;284710280
e;Unresolved;1;284959057
e;Unresolved;1;283945435
e;Unresolved;1;284742409
e;Unresolved;1;284178292
e;Unresolved;1;285029809
e;Unresolved;1;285122071
e;Unresolved;1;284627795
e;Unresolved;1;284257211
e;Unresolved;1;284440271
e;Unresolved;1;298603327
e;Unresolved;1;299289458
e;Unresolved;1;299598580
e;Unresolved;1;299753630
e;Unresolved;1;299689864
e;Unresolved;1;284525058
e;Unresolved;1;285077932
e;Unresolved;1;284794091
e;Unresolved;1;284818256
e;Unresolved;1;298654942
e;Unresolved;1;298775141
e;Unresolved;1;298952611
e;Unresolved;1;298927817
e;Unresolved;1;284543498
e;Unresolved;1;298529436
e;Unresolved;1;298685952
e;Unresolved;1;298625748
e;Unresolved;1;298620371
e;Unresolved;1;298642999
e;Unresolved;1;299321308
e;Unresolved;1;300008348
e;Unresolved;1;300103055
e;Unresolved;1;300172059
e;Unresolved;1;300167520
e;Unresolved;1;300302665
e;Unresolved;1;300257616
e;Unresolved;1;283897597
e;Unresolved;1;284326918
e;Unresolved;1;298537887
e;Unresolved;1;298678759
e;Unresolved;1;298566453
e;Unresolved;1;298704252
e;Unresolved;1;283642458
e;Unresolved;1;298574834
e;Unresolved;1;299424536
e;Unresolved;1;299787786
e;Unresolved;1;299770465
e;Unresolved;1;299760407
e;Unresolved;1;285082960
e;Unresolved;1;298776608
e;Unresolved;1;298746436
e;Unresolved;1;298922649
e;Unresolved;1;283712371
e;Unresolved;1;298597321
e;Unresolved;1;298745528
e;Unresolved;1;298787782
e;Unresolved;1;298805522
e;Unresolved;1;299671639
e;Unresolved;1;299831160
e;Unresolved;1;300654113
e;Unresolved;1;300958695
e;Unresolved;1;301095377
e;Unresolved;1;300959883
e;Unresolved;1;299049064
e;Unresolved;1;299338630
e;Unresolved;1;299505344
e;Unresolved;1;299528741
e;Unresolved;1;298955127
e;Unresolved;1;299107175
e;Unresolved;1;300021412
e;Unresolved;1;300156626
e;Unresolved;1;300189941
e;Unresolved;1;302017158
e;Unresolved;1;298844077
e;Unresolved;1;299244134
e;Unresolved;1;299105847
e;Unresolved;1;299202229
e;Unresolved;1;282634845
e;Unresolved;1;284397457
e;Unresolved;1;284534628
e;Unresolved;1;284714122
e;Unresolved;1;284335857
e;Unresolved;1;284658738
e;Unresolved;1;285108035
e;Unresolved;1;284792485
e;Unresolved;1;284952703
e;Unresolved;1;282166060
e;Unresolved;1;283851079
e;Unresolved;1;284227739
e;Unresolved;1;285047410
e;Unresolved;1;285033231
e;Unresolved;1;284898786
e;Unresolved;1;283931259
e;Unresolved;1;283693096
e;Unresolved;1;284452564
e;Unresolved;1;284265245
e;Unresolved;1;298537119
e;Unresolved;1;284496633
e;Unresolved;1;283512625
e;Unresolved;1;298611291
e;Unresolved;1;299104309
e;Unresolved;1;299213891
e;Unresolved;1;299278286
e;Unresolved;1;284447744
e;Unresolved;1;282854152
e;Unresolved;1;284652731
e;Unresolved;1;298560729
e;Unresolved;1;298597955
e;Unresolved;1;283416940
e;Unresolved;1;298780034
e;Unresolved;1;299034329
e;Unresolved;1;299125823
e;Unresolved;1;299230586
e;Unresolved;1;299223533
e;Unresolved;1;299223812
e;Unresolved;1;299297775
e;Unresolved;1;299253284
e;Unresolved;1;299237081
e;Unresolved;1;299453033
e;Unresolved;1;299535588
e;Unresolved;1;299448005
e;Unresolved;1;299759572
e;Unresolved;1;298788135
e;Unresolved;1;298839539
e;Unresolved;1;299005135
e;Unresolved;1;299071695
e;Unresolved;1;298976710
e;Unresolved;1;298811600
e;Unresolved;1;298738266
e;Unresolved;1;298747067
e;Unresolved;1;298560936
e;Unresolved;1;298583636
e;Unresolved;1;298614646
e;Unresolved;1;298641116
e;Unresolved;1;298851832
e;Unresolved;1;299094743
e;Unresolved;1;299073650
e;Unresolved;1;299155925
e;Unresolved;1;299094464
e;Unresolved;1;299131271
e;Unresolved;1;298596208
e;Unresolved;1;298628474
e;Unresolved;1;298588525
e;Unresolved;1;299225068
e;Unresolved;1;299378443
e;Unresolved;1;299533702
e;Unresolved;1;299466584
e;Unresolved;1;299671920
e;Unresolved;1;298629242
e;Unresolved;1;298877531
e;Unresolved;1;298887937
e;Unresolved;1;298975939
e;Unresolved;1;298773396
e;Unresolved;1;298968397
e;Unresolved;1;299605010
e;Unresolved;1;299803781
e;Unresolved;1;299708376
e;Unresolved;1;299032024
e;Unresolved;1;299174014
e;Unresolved;1;299723184
e;Unresolved;1;299945702
e;Unresolved;1;299880608
